{"F-measure": {"mean": 35.66253714285715, "std": 42.057538467981736}, "Accuracy": {"mean": 85.3849885714286, "std": 17.71293934016714}, "Runtime": {"mean": 289.9473480306353, "std": 103.62882513129115}}