{"F-measure": {"mean": 87.6166433121019, "std": 12.57854075666336}, "Accuracy": {"mean": 99.81912738853502, "std": 0.7206062621473992}, "Runtime": {"mean": 123.86009140834688, "std": 47.263759911100216}}