{
   "F-measure": {
      "mean": -1.0,
      "std": 0.0
   },
   "Accuracy": {
      "mean": 0.0,
      "std": 0.0
   },
   "Runtime": {
      "mean": 239.87634278416633,
      "std": 2.471317718715491
   },
   "Length": {
      "mean": 0.3,
      "std": 1.7058722109231983
   }
}