{
   "F-measure": {
      "mean": 40.98089171974522,
      "std": 32.06836239536967
   },
   "Accuracy": {
      "mean": 59.93184713375797,
      "std": 29.117383864023775
   },
   "Runtime": {
      "mean": 384.2251933987733,
      "std": 202.56996925549535
   },
   "Length": {
      "mean": 8.146496815286625,
      "std": 4.094139491218727
   }
}