{
   "F-measure": {
      "mean": -100.0,
      "std": 0.0
   },
   "Accuracy": {
      "mean": 0.0,
      "std": 0.0
   },
   "Runtime": {
      "mean": 301.97876739198233,
      "std": 11.183052770851534
   },
   "Length": {
      "mean": 0.0,
      "std": 0.0
   }
}