{
   "F-measure": {
      "mean": 63.69191082802547,
      "std": 30.17975073307465
   },
   "Accuracy": {
      "mean": 84.58853503184713,
      "std": 12.842361075022646
   },
   "Runtime": {
      "mean": 280.57361146496817,
      "std": 67.13636455615685
   },
   "Length": {
      "mean": 4.401273885350318,
      "std": 1.5956145018025534
   }
}