{
   "F-measure": {
      "mean": 0.8908097455012166,
      "std": 0.15857501850530029
   },
   "Runtime": {
      "mean": 37.363738853503186,
      "std": 26.815090232320145
   }
}