{
   "F-measure": {
      "mean": 0.004073499999999999,
      "std": 0.08979157949245577
   },
   "Accuracy": {
      "mean": 0.18170250000000002,
      "std": 0.3250496635035176
   },
   "Runtime": {
      "mean": 163.22381570521355,
      "std": 86.65641027014325
   },
   "Length": {
      "mean": 7.95,
      "std": 3.646573734342965
   }
}