{"F-measure": {"mean": 43.661611428571426, "std": 36.132492469764436}, "Accuracy": {"mean": 76.73102857142857, "std": 35.22375068719215}, "Runtime": {"mean": 37.93850857142857, "std": 28.246844951274735}}