{"F-measure": {"mean": 16.69653142857143, "std": 33.307207345436055}, "Accuracy": {"mean": 33.35086285714286, "std": 41.87753393508324}, "Runtime": {"mean": 299.14070539338246, "std": 202.21444771616274}}