{"F-measure": {"mean": 92.7386514285714, "std": 10.27852424975413}, "Accuracy": {"mean": 99.26924571428569, "std": 5.127345944713243}, "Runtime": {"mean": 213.7777549621037, "std": 81.02853146563486}}