{
   "SetTransformer": {
      "acc": {
         "values": [
            81.818,
            90.90899999999999,
            100.0,
            100.0,
            100.0,
            93.243,
            84.45899999999999,
            100.0,
            100.0,
            90.90899999999999,
            95.75200000000001,
            100.0,
            99.41,
            99.36,
            96.575,
            96.364,
            83.784,
            87.5,
            97.56099999999999,
            83.75200000000001,
            100.0,
            91.28699999999999,
            94.304,
            82.5,
            95.413,
            81.879,
            96.507,
            87.09700000000001,
            93.919,
            100.0,
            88.0,
            92.5,
            94.836,
            94.77600000000001,
            85.714,
            90.0,
            100.0,
            90.054,
            84.327,
            99.168,
            98.0,
            94.839,
            86.441,
            83.95899999999999,
            100.0,
            95.299,
            90.0,
            94.595
         ],
         "mean": [
            93.05854166666666
         ],
         "std": [
            5.9677878018796795
         ]
      },
      "prediction": {
         "values": [
            "Geographical-Feature",
            "Geographer ⊔ Theologian",
            "Composer ⊔ Geographical-Feature ⊔ Organisation",
            "Discoverer ⊔ Clothing",
            "Armament ⊔ Natural-Object",
            "Geographical-Feature ⊔ Military-Person",
            "Geographical-Feature ⊔ Journalist ⊔ Prince",
            "Abstract-Notion ⊔ Theologian",
            "Minister ⊔ Journalist",
            "Dancer",
            "Religious-Leader",
            "Entertainer ⊔ Geographical-Feature ⊔ Other-Religious-Person",
            "Geographical-Feature ⊔ King",
            "Author",
            "Battle",
            "Business-Leader ⊔ Geographical-Feature",
            "Pope",
            "Film-Maker",
            "Engineer ⊔ Geographical-Feature",
            "Clerical-Leader ⊔ Geographical-Feature ⊔ Period",
            "Artist ⊔ Diplomat ⊔ Geographical-Feature",
            "Author",
            "Foreign-Minister ⊔ Criminal",
            "Conceptual-Object",
            "Country",
            "Geographer ⊔ Military-Person",
            "Emperor ⊔ Geographical-Feature",
            "Geographical-Feature",
            "Abstract-Notion ⊔ Cultural-Organisation",
            "Meeting ⊔ Religious-Leader",
            "Conceptual-Object ⊔ Geographical-Feature",
            "Intra-State-Group",
            "Organisation ⊔ Religious-Ideology",
            "Composer",
            "Conceptual-Object ⊔ Geographical-Feature",
            "Geographical-Feature ⊔ Fictional-Event",
            "Geographical-Feature ⊔ Painter",
            "Clerical-Leader",
            "Head-of-Government",
            "Artefact ⊔ Geographical-Feature",
            "Geographical-Feature ⊔ Non-Military-Conflict",
            "Foreign-Minister ⊔ Animal",
            "Dramaturge ⊔ Geographical-Feature",
            "Clerical-Leader ⊔ Geographical-Feature",
            "Religious-Ideology ⊔ Theologian",
            "Abstract-Notion",
            "Theologian",
            "Geographical-Feature ⊔ Journal"
         ]
      },
      "f1": {
         "values": [
            90.0,
            95.238,
            100.0,
            100.0,
            100.0,
            96.503,
            91.57499999999999,
            100.0,
            100.0,
            95.238,
            97.83,
            100.0,
            99.70400000000001,
            99.679,
            98.258,
            98.148,
            91.176,
            93.333,
            98.765,
            91.158,
            100.0,
            95.44500000000001,
            97.068,
            90.411,
            97.653,
            90.037,
            98.222,
            93.10300000000001,
            96.86399999999999,
            100.0,
            93.61699999999999,
            96.104,
            97.34899999999999,
            97.318,
            92.308,
            94.73700000000001,
            100.0,
            94.767,
            91.497,
            99.58200000000001,
            98.99,
            97.351,
            92.727,
            91.28,
            100.0,
            97.59299999999999,
            94.73700000000001,
            97.222
         ],
         "mean": [
            96.30389583333333
         ],
         "std": [
            3.2528405102283506
         ]
      },
      "time": {
         "values": [
            0.10821342468261719,
            0.08890032768249512,
            0.09643292427062988,
            0.4399082660675049,
            0.09698963165283203,
            0.09502768516540527,
            0.10640239715576172,
            0.09157562255859375,
            0.09362196922302246,
            0.3981153964996338,
            0.09732270240783691,
            0.10306811332702637,
            0.0984187126159668,
            0.09973716735839844,
            0.09064173698425293,
            0.12190580368041992,
            0.3948531150817871,
            0.10549283027648926,
            0.10524511337280273,
            0.10507917404174805,
            0.09951305389404297,
            0.09011387825012207,
            0.39974117279052734,
            0.08983492851257324,
            0.09487223625183105,
            0.08937191963195801,
            0.16682863235473633,
            0.08484768867492676,
            0.3889741897583008,
            0.10416889190673828,
            0.11018967628479004,
            0.11577010154724121,
            0.10029411315917969,
            0.11512446403503418,
            0.40746641159057617,
            0.08736920356750488,
            0.10610413551330566,
            0.09084320068359375,
            0.1030416488647461,
            0.45160579681396484,
            0.09852719306945801,
            0.08823966979980469,
            0.08687281608581543,
            0.0980827808380127,
            0.08906722068786621,
            0.3946404457092285,
            0.12093949317932129,
            0.08380389213562012
         ],
         "mean": [
            0.1519416868686676
         ],
         "std": [
            0.11621597159002174
         ]
      }
   },
   "LSTM": {
      "acc": {
         "values": [
            81.818,
            0.0,
            6.834999999999999,
            52.542,
            15.789,
            93.243,
            80.372,
            86.1,
            0.0,
            0.0,
            0.0,
            10.345,
            7.142999999999999,
            84.882,
            0.0,
            49.091,
            0.0,
            0.0,
            8.852,
            73.291,
            77.706,
            7.2090000000000005,
            0.475,
            0.0,
            95.413,
            18.121000000000002,
            90.632,
            87.09700000000001,
            61.263999999999996,
            0.0,
            88.0,
            0.0,
            0.0,
            0.0,
            35.065000000000005,
            93.10300000000001,
            13.706,
            90.054,
            100.0,
            99.168,
            27.0,
            0.0,
            45.763,
            79.693,
            0.0,
            85.441,
            0.0,
            72.973
         ],
         "mean": [
            39.962208333333336
         ],
         "std": [
            39.140420096514006
         ]
      },