{
   "Model size": 1196416,
   "Test soft acc": 86.07894228913334,
   "Test hard acc": 89.61791008625025,
   "Train Max Soft Acc": 100.0,
   "Train Max Hard Acc": 100.0,
   "Train Min Loss": 0.00010331783772419497
}