{
   "F-measure": {
      "mean": -1.0,
      "std": 0.0
   },
   "Accuracy": {
      "mean": 0.16,
      "std": 0.36660605559646714
   },
   "Runtime": {
      "mean": 143.0688546562195,
      "std": 19.66545515373228
   },
   "Length": {
      "mean": 10.84,
      "std": 2.8938555596297477
   }
}