{
   "Test soft acc": 20.88744588744589,
   "Test hard acc": 11.931818181818185,
   "Train Max Soft Acc": 16.113007703081234,
   "Train Max Hard Acc": 11.107100305399939,
   "Train Min Loss": 0.33260661889525023
}