{
   "Test soft acc": 67.01790633608816,
   "Test hard acc": 32.237636101272464,
   "Train Max Soft Acc": 89.80213284808872,
   "Train Max Hard Acc": 84.7866079828396,
   "Train Min Loss": 0.006839843768188182
}