{
   "Train Max Soft Acc": 94.13564253826526,
   "Train Max Hard Acc": 93.75472604907353,
   "Train Min Loss": 0.02194567264190742
}