{
   "Test soft acc": 80.88383838383838,
   "Test hard acc": 66.70110192837465,
   "Train Max Soft Acc": 88.2429000482769,
   "Train Max Hard Acc": 89.48196889235491,
   "Train Min Loss": 0.0020563261419096414
}