{
   "Test soft acc": 30.00541125541126,
   "Test hard acc": 30.492424242424246,
   "Train Max Soft Acc": 50.3369571208113,
   "Train Max Hard Acc": 75.18522537294238,
   "Train Min Loss": 0.03833240167134338
}