{
   "Test soft acc": 82.95454545454544,
   "Test hard acc": 75.2961432506887,
   "Train Max Soft Acc": 89.03336675579322,
   "Train Max Hard Acc": 90.02945199544463,
   "Train Min Loss": 0.0019990341902217444
}