{
   "Test soft acc": 59.28030303030303,
   "Test hard acc": 35.40879574970483,
   "Train Max Soft Acc": 87.64114284181686,
   "Train Max Hard Acc": 81.81065351224666,
   "Train Min Loss": 0.007899641990661621
}