{
   "Train Max Soft Acc": 89.95180298681964,
   "Train Max Hard Acc": 86.90815669216416,
   "Train Min Loss": 0.06526125062789236
}