{
   "SetTransformer": {
      "acc": {
         "values": [
            31.959,
            64.179,
            33.333,
            33.654,
            35.461,
            14.457999999999998,
            7.921,
            14.085,
            0.0,
            25.333,
            7.692,
            24.752,
            34.043,
            22.973,
            17.143,
            29.166999999999998,
            60.0,
            36.937,
            27.272999999999996,
            8.451,
            26.923000000000002,
            9.434,
            43.75,
            42.623,
            9.302000000000001,
            0.0,
            0.0,
            16.092000000000002,
            9.411999999999999,
            10.714,
            64.706,
            4.7620000000000005,
            8.108,
            17.968999999999998,
            67.44200000000001,
            1.923,
            32.202999999999996,
            0.0,
            20.588,
            47.458,
            27.344,
            100.0,
            48.077,
            32.394,
            0.0,
            39.344,
            48.077,
            34.782999999999994
         ],
         "mean": [
            26.92170833333333
         ],
         "std": [
            21.10555743455415
         ]
      },
      "prediction": {
         "values": [
            "Grandfather ⊔ Sister",
            "Mother",
            "Parent ⊓ (Grandchild ⊔ Grandmother)",
            "Grandfather ⊔ PersonWithASibling",
            "Grandchild ⊔ Female",
            "Granddaughter ⊔ (Grandfather ⊓ Brother)",
            "Grandmother ⊔ (Grandchild ⊓ Daughter) ⊔ Grandparent",
            "Son ⊓ Brother",
            "Son ⊓ Grandmother",
            "Son ⊓ Grandson",
            "Grandmother ⊓ Granddaughter",
            "Son ⊔ Grandfather",
            "∃ hasChild.(Grandchild ⊓ Son)",
            "Child ⊓ (∃ hasParent.Grandchild)",
            "Grandparent ⊔ (Grandmother ⊓ Parent)",
            "(∃ married.(Person ⊓ Daughter)) ⊓ Male",
            "Granddaughter ⊓ PersonWithASibling",
            "Grandfather ⊔ Son ⊔ Grandmother",
            "Granddaughter ⊔ Father",
            "∃ married.Grandson",
            "∃ hasParent.(Grandchild ⊔ Mother)",
            "Grandchild ⊓ PersonWithASibling",
            "Grandfather ⊔ Son",
            "Granddaughter",
            "∃ hasSibling.(Grandfather ⊔ Parent)",
            "Brother ⊓ Grandmother",
            "Grandmother ⊓ Male",
            "Parent ⊓ Child",
            "Grandson ⊓ Grandchild",
            "Parent ⊓ PersonWithASibling ⊓ Grandchild",
            "Person ⊓ (∃ married.Sister)",
            "Grandchild ⊓ Father",
            "Brother",
            "Grandparent ⊔ Granddaughter",
            "Grandson",
            "(Grandmother ⊔ (Brother ⊓ Son)) ⊓ Grandchild",
            "(∃ hasChild.Grandchild) ⊔ (∃ hasSibling.Grandmother)",
            "Granddaughter ⊓ Grandfather",
            "Brother ⊔ (∃ hasSibling.(Granddaughter ⊔ Son))",
            "Female ⊓ Grandchild",
            "Grandfather ⊔ Child",
            "Grandchild ⊓ Grandfather",
            "(∃ hasParent.(Grandchild ⊓ Female)) ⊔ Child",
            "Son ⊓ Grandson",
            "∃ married.(PersonWithASibling ⊔ Grandchild)",
            "∃ hasChild.(⊤ ⊔ Grandchild)",
            "Child",
            "Granddaughter ⊓ Grandchild ⊓ Mother"
         ]
      },
      "f1": {
         "values": [
            48.437000000000005,
            78.182,
            50.0,
            50.36000000000001,
            52.356,
            25.263,
            14.679,
            24.691,
            0.0,
            40.426,
            14.285999999999998,
            39.683,
            50.794,
            37.363,
            29.268,
            45.161,
            75.0,
            53.947,
            42.857,
            15.584000000000001,
            42.424,
            17.241,
            60.870000000000005,
            59.77,
            17.021,
            0.0,
            0.0,
            27.723,
            17.204,
            19.355,
            78.571,
            9.091000000000001,
            15.0,
            30.464000000000002,
            80.55600000000001,
            3.7740000000000005,
            48.718,
            0.0,
            34.146,
            64.36800000000001,
            42.945,
            100.0,
            64.935,
            48.936,
            0.0,
            56.471000000000004,
            64.935,
            51.613
         ],
         "mean": [
            38.426416666666675
         ],
         "std": [
            24.557232468115288
         ]
      },
      "time": {
         "values": [
            0.044035911560058594,
            0.18530869483947754,
            0.0497894287109375,
            0.02483367919921875,
            0.026386499404907227,
            0.025808095932006836,
            0.027451515197753906,
            0.023380517959594727,
            0.022925376892089844,
            0.023141860961914062,
            0.02080512046813965,
            0.0231168270111084,
            0.028168678283691406,
            0.03168892860412598,
            0.06009197235107422,
            0.03917646408081055,
            0.03662109375,
            0.020836353302001953,
            0.022594213485717773,
            0.019717693328857422,
            0.020040273666381836,
            0.02122354507446289,
            0.020697355270385742,
            0.022119998931884766,
            0.02796339988708496,
            0.020852327346801758,
            0.021032333374023438,
            0.020416259765625,
            0.02019953727722168,
            0.020732879638671875,
            0.01943373680114746,
            0.02029585838317871,
            0.02346014976501465,
            0.03250837326049805,
            0.19301056861877441,
            0.06180071830749512,
            0.03618979454040527,
            0.026082992553710938,
            0.04189944267272949,
            0.03331637382507324,
            0.02276015281677246,
            0.021514177322387695,
            0.025189638137817383,
            0.022568225860595703,
            0.028906583786010742,
            0.02293872833251953,
            0.04427218437194824,
            0.02466869354248047
         ],
         "mean": [
            0.034832775592803955
         ],
         "std": [
            0.033698114172532344
         ]
      }
   }
}