{
   "Model size": 354368,
   "Test soft acc": 62.94893763643765,
   "Test hard acc": 62.07855278810322,
   "Train Max Soft Acc": 99.7994925852656,
   "Train Max Hard Acc": 99.9158899504778,
   "Train Min Loss": 0.005307461037055442
}