{
   "Model size": 409152,
   "Test soft acc": 63.74574499574499,
   "Test hard acc": 58.939749153943545,
   "Train Max Soft Acc": 99.99828673245615,
   "Train Max Hard Acc": 99.99910612128146,
   "Train Min Loss": 0.0016741731179584014
}