{
   "Model size": 445120,
   "Test soft acc": 65.7430648055648,
   "Test hard acc": 59.58013640238707,
   "Train Max Soft Acc": 84.67394594977125,
   "Train Max Hard Acc": 91.50932047670167,
   "Train Min Loss": 0.1450060747171703
}