{
   "Train Max Soft Acc": 84.17039898345706,
   "Train Max Hard Acc": 65.50251560960929,
   "Train Min Loss": 0.2815840073994228
}