{
   "F-measure": [
      99.861,
      100.0,
      100.0,
      100.0,
      95.34899999999999,
      98.387,
      100.0,
      100.0,
      100.0,
      100.0,
      94.34,
      94.118,
      99.652,
      86.102,
      24.324,
      96.97,
      100.0,
      100.0,
      100.0,
      100.0,
      100.0,
      70.588,
      100.0,
      100.0,
      99.792,
      100.0,
      100.0,
      98.765,
      80.0,
      100.0,
      100.0,
      93.226,
      100.0,
      100.0,
      100.0,
      21.687,
      74.18299999999999,
      100.0,
      100.0,
      100.0
   ],
   "Accuracy": [
      99.724,
      100.0,
      100.0,
      100.0,
      99.44800000000001,
      99.44800000000001,
      100.0,
      100.0,
      100.0,
      100.0,
      99.586,
      99.862,
      99.309,
      94.337,
      84.53,
      99.862,
      100.0,
      100.0,
      100.0,
      100.0,
      100.0,
      97.238,
      100.0,
      100.0,
      99.586,
      100.0,
      100.0,
      99.862,
      99.724,
      100.0,
      100.0,
      94.199,
      100.0,
      100.0,
      100.0,
      82.044,
      78.17699999999999,
      100.0,
      100.0,
      100.0
   ],
   "Runtime": [
      303.90957164764404,
      5.306871175765991,
      77.08080744743347,
      5.731734991073608,
      7.568379163742065,
      4.623559951782227,
      4.6632091999053955,
      27.82205843925476,
      58.29258918762207,
      4.184986114501953,
      303.96002888679504,
      4.7743823528289795,
      303.98037457466125,
      304.7832887172699,
      304.5331335067749,
      37.35522389411926,
      69.99841094017029,
      4.605956315994263,
      3.873736619949341,
      4.098305940628052,
      4.361720561981201,
      303.96174716949463,
      5.238420009613037,
      115.60795879364014,
      304.28967475891113,
      304.82480216026306,
      304.947865486145,
      9.715363502502441,
      303.9886541366577,
      305.01406478881836,
      304.8409824371338,
      304.7777171134949,
      10.831374406814575,
      304.2016820907593,
      5.150582313537598,
      304.38267040252686,
      305.11564445495605,
      27.470497369766235,
      36.47575235366821,
      5.54961371421814
   ],
   "Prediction": [
      "LandArea ⊔ (¬GeopoliticalArea)",
      "LandArea ⊔ PoliticalOrganization",
      "SupernaturalBeing ⊔ (∃ spouseOf.Human)",
      "EthnicityAttribute ⊔ ResidencyAttribute",
      "God ⊔ (∃ subregionOf.GeographicArea)",
      "ContentBearingObject ⊔ GeopoliticalArea",
      "CitizenshipAttribute ⊔ EthnicityAttribute",
      "Object ⊓ (¬SupernaturalBeing) ⊓ (¬Woman)",
      "SupernaturalRegion ⊔ ((∃ locationOf.WaterArea) ⊓ (∃ longitude.xsd:double[≥ 35.5828778747523]))",
      "Object ⊓ (¬Nation)",
      "EthnicityAttribute ⊔ ((Island ⊔ Mountain) ⊓ (¬GeopoliticalArea))",
      "WaterArea",
      "∀ visitedPlaceOf.(∀ collaboratesWith.Man)",
      "(¬CognitiveAgent) ⊓ (¬Region) ⊓ (¬ResidenceGroup)",
      "GeopoliticalArea ⊔ (∃ ethnicityOf.Human)",
      "BeliefSystem ⊔ (∃ subregion.GeographicArea)",
      "Character ⊔ ((∃ locationOf.Mountain) ⊓ (∃ latitude.xsd:double[≤ 31.8065993006708]))",
      "BeliefGroup ⊔ Mountain",
      "BeliefSystem",
      "NaturalLanguage ⊔ WaterArea",
      "FreshWaterArea ⊔ NaturalLanguage",
      "SonOfGod ⊔ (Woman ⊓ (∃ hasOnlyGenealogyMention.{False}))",
      "∀ subregion.SaltWaterArea",
      "Angel ⊔ ContentBearingObject ⊔ Region",
      "∀ nativePlace.City",
      "BeliefSystem ⊔ (∃ visitedPlaceOf.(∀ ethnicity.⊥))",
      "Human ⊔ (∃ subregion.WaterArea)",
      "God ⊔ (∃ subregionOf.LandArea)",
      "SaltWaterArea ⊔ (∃ religiousBeliefOf.Man)",
      "(GeographicArea ⊓ (¬LandArea)) ⊔ (∃ ethnicityOf.Human)",
      "PoliticalOrganization ⊔ (GeographicArea ⊓ (¬FreshWaterArea))",
      "EvilSupernaturalBeing ⊔ Man",
      "SupernaturalBeing ⊔ ((∃ locationOf.WaterArea) ⊓ (∃ longitude.xsd:double[≥ 35.5828778747523]))",
      "GeographicArea ⊔ ReligiousBeliefSystem",
      "Man ⊔ NaturalLanguage",
      "Region ⊓ (¬WaterArea)",
      "CognitiveAgent ⊓ (¬GroupOfPeople)",
      "Nation ⊔ (∃ religiousBelief.ReligiousBeliefSystem)",
      "EvilSupernaturalBeing ⊔ (∃ subregion.GeographicArea)",
      "LandArea ⊔ (CognitiveAgent ⊓ (¬GroupOfPeople))"
   ],
   "Learned Concept": [
      "City ⊔ (∀ visitedPlaceOf.Mountain)",
      "LandArea ⊔ PoliticalOrganization",
      "SupernaturalBeing ⊔ (∃ spouseOf.⊤)",
      "EthnicityAttribute ⊔ ResidencyAttribute",
      "God ⊔ (∃ subregionOf.⊤)",
      "GeopoliticalArea ⊔ NaturalLanguage",
      "CitizenshipAttribute ⊔ EthnicityAttribute",
      "Object ⊓ (Man ⊔ (¬CognitiveAgent)) ⊓ (∀ ethnicityOf.ContentBearingObject)",
      "SupernaturalRegion ⊔ (∃ locationOf.FreshWaterArea)",
      "Object ⊓ (¬Nation)",
      "Island ⊔ Mountain ⊔ (∃ ethnicityOf.⊤)",
      "WaterArea ⊓ (SaltWaterArea ⊔ (∀ location.⊥)) ⊓ (¬SupernaturalBeing)",
      "StateOrProvince ⊔ (∀ visitedPlaceOf.ReligiousBeliefSystem)",
      "Tribe ⊔ (¬Object)",
      "(GeographicArea ⊓ (Nation ⊔ (∃ subregion.WaterArea))) ⊔ (∃ ethnicityOf.⊤)",
      "BeliefSystem ⊔ (∃ subregion.GeopoliticalArea)",
      "Character ⊔ (∃ locationOf.Mountain)",
      "BeliefGroup ⊔ Mountain",
      "BeliefSystem",
      "NaturalLanguage ⊔ WaterArea",
      "FreshWaterArea ⊔ NaturalLanguage",
      "(SonOfGod ⊔ Woman) ⊓ (∀ ethnicity.Group)",
      "∀ subregion.Group",
      "Object ⊓ (Angel ⊔ (¬Agent)) ⊓ (∀ ethnicityOf.ContentBearingObject)",
      "ResidenceGroup ⊔ (∀ relativeOf.(∀ visitedPlace.CognitiveAgent))",
      "BeliefSystem ⊔ (∃ visitedPlaceOf.(∀ relativeOf.LandArea))",
      "Human ⊔ (∃ subregion.FreshWaterArea)",
      "SonOfGod ⊔ (∃ subregionOf.GeopoliticalArea)",
      "(SaltWaterArea ⊓ (∃ location.⊤)) ⊔ (∃ religiousBeliefOf.(¬EvilSupernaturalBeing))",
      "(GeographicArea ⊓ (WaterArea ⊔ (¬LandArea))) ⊔ (∃ ethnicityOf.⊤)",
      "PoliticalOrganization ⊔ (GeographicArea ⊓ (¬FreshWaterArea))",
      "(EvilSupernaturalBeing ⊔ Man) ⊓ (∀ religiousBelief.ContentBearingObject)",
      "SupernaturalBeing ⊔ (∃ locationOf.FreshWaterArea)",
      "GeographicArea ⊔ ReligiousBeliefSystem",
      "Man ⊔ NaturalLanguage",
      "(Region ⊓ (SupernaturalRegion ⊔ (¬GeographicArea))) ⊔ (∃ subregion.(¬ReligiousBeliefSystem))",
      "CognitiveAgent ⊓ (Man ⊔ (¬EvilSupernaturalBeing)) ⊓ (∀ ethnicity.Group)",
      "Nation ⊔ (∃ religiousBelief.⊤)",
      "EvilSupernaturalBeing ⊔ (∃ subregion.⊤)",
      "CognitiveAgent ⊔ LandArea"
   ]
}