{
   "F-measure": {
      "mean": 93.1836,
      "std": 17.516872015003138
   },
   "Accuracy": {
      "mean": 98.17339999999999,
      "std": 4.948516044229827
   },
   "Runtime": {
      "mean": 135.2973349273205,
      "std": 139.95035853662887
   }
}