{
   "F-measure": {
      "mean": 0.4825146063718122,
      "std": 0.36370229845418023
   },
   "Runtime": {
      "mean": 6.3532692307692304,
      "std": 1.3510026634857395
   }
}