{
   "F-measure": [
      62.36,
      66.67,
      3.26,
      66.67,
      6.31,
      44.9,
      21.92,
      85.15,
      9.35,
      74.18,
      10.69,
      66.67,
      11.21,
      13.29,
      4.59,
      14.83,
      15.31,
      77.85,
      86.43,
      4.85,
      41.86,
      78.41,
      84.85,
      15.78,
      28.73,
      67.62
   ],
   "Accuracy": [
      45.3,
      50.0,
      1.66,
      50.0,
      17.96,
      40.33,
      52.76,
      91.71,
      19.61,
      65.19,
      21.55,
      50.0,
      21.27,
      20.72,
      19.61,
      8.01,
      8.29,
      71.55,
      92.54,
      2.49,
      37.85,
      75.97,
      98.62,
      8.56,
      28.73,
      56.08
   ],
   "Runtime": [
      4.52808952331543,
      4.855984210968018,
      4.485190153121948,
      4.771633148193359,
      4.3923444747924805,
      4.311734437942505,
      4.679867744445801,
      4.653886079788208,
      4.589123487472534,
      4.458435297012329,
      4.600087404251099,
      6.511839866638184,
      5.532331228256226,
      4.564182758331299,
      4.761935234069824,
      4.984013319015503,
      4.419548988342285,
      4.54486083984375,
      4.680779457092285,
      5.331358432769775,
      4.647369623184204,
      4.553784132003784,
      309.1716959476471,
      5.560629844665527,
      4.9080071449279785,
      4.4836931228637695
   ],
   "Prediction": [
      "None",
      "⊤",
      "None",
      "⊤",
      "None",
      "⊤",
      "None",
      "⊤",
      "None",
      "Object",
      "None",
      "Object",
      "None",
      "CognitiveAgent",
      "None",
      "GeographicArea",
      "None",
      "Object",
      "None",
      "Object",
      "None",
      "Object",
      "None",
      "⊤",
      "None",
      "Object",
      "None",
      "Object",
      "None",
      "Object",
      "None",
      "⊤",
      "None",
      "⊤",
      "None",
      "Object",
      "None",
      "GeographicArea",
      "None",
      "⊤",
      "None",
      "Object",
      "None",
      "CognitiveAgent",
      "None",
      "∃ subregionOf.(∃ nativePlaceOf.(Agent ⊓ (GroupOfPeople ⊔ Human)))",
      "None",
      "⊤",
      "None",
      "Object",
      "None",
      "Object"
   ],
   "Length": [
      1,
      1,
      1,
      1,
      1,
      1,
      1,
      1,
      1,
      1,
      1,
      1,
      1,
      1,
      1,
      1,
      1,
      1,
      1,
      1,
      1,
      1,
      9,
      1,
      1,
      1
   ],
   "Learned Concept": [
      "City ⊔ EthnicityAttribute ⊔ Group",
      "Man ⊔ PoliticalAttribute",
      "Mountain ⊔ (∃ religiousBeliefOf.⊤)",
      "CognitiveAgent ⊔ FixedHoliday",
      "EvilSupernaturalBeing ⊔ FreshWaterArea ⊔ Mountain",
      "SupernaturalBeing ⊔ (∃ location.⊤)",
      "SupernaturalBeing ⊔ (∃ visitedPlace.⊤)",
      "WaterArea ⊔ (∃ location.⊤)",
      "FreshWaterArea ⊔ Organization",
      "FreshWaterArea ⊔ Man ⊔ StateOrProvince",
      "FreshWaterArea ⊔ Series ⊔ SupernaturalBeing",
      "Human ⊔ ReligiousBeliefSystem",
      "Island ⊔ Organization",
      "FreshWaterArea ⊔ God ⊔ ResidenceGroup",
      "Mountain ⊔ ReligiousOrganization",
      "BeliefGroup ⊔ EthnicityAttribute ⊔ FreshWaterArea",
      "Character ⊔ EthnicityAttribute ⊔ Tribe",
      "Agent ⊔ Nation ⊔ (∃ knows.PoliticalBeliefSystem)",
      "Island ⊔ (∃ location.⊤)",
      "BeliefSystem ⊔ Mountain",
      "Angel ⊔ (∃ location.⊤)",
      "EvilSupernaturalBeing ⊔ (∃ ethnicity.⊤)",
      "∃ subregionOf.(Nation ⊔ (∃ subregion.FreshWaterArea))",
      "EthnicityAttribute ⊔ SaltWaterArea ⊔ Tribe",
      "FreshWaterArea ⊔ Woman",
      "Organization ⊔ Region"
   ]
}