{
   "F-measure": {
      "mean": 40.91307692307692,
      "std": 30.560885353822254
   },
   "Accuracy": {
      "mean": 40.629230769230766,
      "std": 28.379229122055627
   },
   "Runtime": {
      "mean": 16.499323303882893,
      "std": 58.53633245242656
   },
   "Length": {
      "mean": 1.3076923076923077,
      "std": 1.5384615384615383
   }
}