{
   "F-measure": [
      0.6315331010452963,
      0.7430862492326581,
      0.0,
      0.7396235706920697,
      0.0,
      0.8438636363636364,
      0.0,
      0.9299999999999999,
      0.0,
      0.75,
      0.0,
      0.7361569801537085,
      0.0,
      0.5369318181818181,
      0.0,
      0.5721583652618135,
      0.5629629629629629,
      0.75,
      0.9134615384615384,
      0.0,
      0.7802469135802469,
      0.8969849246231156,
      0.0,
      0.6217008797653959,
      0.8073870573870574,
      0.7292817679558011
   ],
   "Runtime": [
      7.481,
      7.495,
      5.382,
      7.21,
      5.591,
      7.296,
      4.637,
      6.648,
      5.06,
      7.426,
      5.373,
      7.232,
      4.948,
      5.067,
      4.88,
      5.952,
      7.104,
      9.656,
      6.935,
      4.996,
      8.973,
      7.829,
      4.747,
      5.124,
      5.284,
      6.859
   ]
}