{
   "F-measure": {
      "mean": 0.919686,
      "std": 0.16947995044842323
   },
   "Accuracy": {
      "mean": 0.9717619999999999,
      "std": 0.055151423880077655
   },
   "Runtime": {
      "mean": 162.76277,
      "std": 146.04366987979006
   },
   "Length": {
      "mean": 4.55,
      "std": 2.05851888502389
   }
}