{"F-measure": {"mean": 87.82207692307693, "std": 12.558551303404252}, "Accuracy": {"mean": 99.2048076923077, "std": 0.7090579893411556}, "Runtime": {"mean": 16.604688992867104, "std": 5.373170503874527}}