{
   "F-measure": {
      "mean": 95.03538461538461,
      "std": 9.496785379504935
   },
   "Accuracy": {
      "mean": 98.01307692307692,
      "std": 4.7751437910132175
   },
   "Runtime": {
      "mean": 94.10846153846157,
      "std": 127.07315486976869
   },
   "Length": {
      "mean": 4.923076923076923,
      "std": 1.8589301497837805
   }
}