{
   "F-measure": [
      -100.0,
      -100.0,
      -100.0,
      -100.0,
      -100.0,
      -100.0,
      -100.0,
      -100.0,
      -100.0,
      -100.0,
      -100.0,
      -100.0,
      -100.0,
      -100.0,
      -100.0,
      -100.0,
      -100.0,
      -100.0,
      -100.0,
      -100.0,
      -100.0,
      -100.0,
      -100.0,
      -100.0,
      -100.0,
      -100.0
   ],
   "Accuracy": [
      0.0,
      0.0,
      0.0,
      0.0,
      0.0,
      0.0,
      0.0,
      0.0,
      0.0,
      0.0,
      0.0,
      0.0,
      0.0,
      0.0,
      0.0,
      0.0,
      0.0,
      0.0,
      0.0,
      0.0,
      0.0,
      0.0,
      0.0,
      0.0,
      0.0,
      0.0
   ],
   "Runtime": [
      300.1981267929077,
      300.2570412158966,
      300.1448509693146,
      300.19148540496826,
      300.1806483268738,
      300.1526665687561,
      300.19014596939087,
      300.3445830345154,
      300.1382884979248,
      300.204393863678,
      300.183828830719,
      300.18644642829895,
      300.1928656101227,
      300.20556259155273,
      300.146399974823,
      300.11067819595337,
      300.2501530647278,
      300.1937313079834,
      300.2021236419678,
      302.9429485797882,
      303.5540792942047,
      301.02575635910034,
      300.14331245422363,
      300.1917953491211,
      302.656112909317,
      300.1789810657501
   ],
   "Prediction": [
      "None",
      "",
      "None",
      "",
      "None",
      "",
      "None",
      "",
      "None",
      "",
      "None",
      "",
      "None",
      "",
      "None",
      "",
      "None",
      "",
      "None",
      "",
      "None",
      "",
      "None",
      "",
      "None",
      "",
      "None",
      "",
      "None",
      "",
      "None",
      "",
      "None",
      "",
      "None",
      "",
      "None",
      "",
      "None",
      "",
      "None",
      "",
      "None",
      "",
      "None",
      "",
      "None",
      "",
      "None",
      "",
      "None",
      ""
   ],
   "Length": [
      0,
      0,
      0,
      0,
      0,
      0,
      0,
      0,
      0,
      0,
      0,
      0,
      0,
      0,
      0,
      0,
      0,
      0,
      0,
      0,
      0,
      0,
      0,
      0,
      0,
      0
   ],
   "Learned Concept": [
      "City ⊔ EthnicityAttribute ⊔ Group",
      "Man ⊔ PoliticalAttribute",
      "Mountain ⊔ (∃ religiousBeliefOf.⊤)",
      "CognitiveAgent ⊔ FixedHoliday",
      "EvilSupernaturalBeing ⊔ FreshWaterArea ⊔ Mountain",
      "SupernaturalBeing ⊔ (∃ location.⊤)",
      "SupernaturalBeing ⊔ (∃ visitedPlace.⊤)",
      "WaterArea ⊔ (∃ location.⊤)",
      "FreshWaterArea ⊔ Organization",
      "FreshWaterArea ⊔ Man ⊔ StateOrProvince",
      "FreshWaterArea ⊔ Series ⊔ SupernaturalBeing",
      "Human ⊔ ReligiousBeliefSystem",
      "Island ⊔ Organization",
      "FreshWaterArea ⊔ God ⊔ ResidenceGroup",
      "Mountain ⊔ ReligiousOrganization",
      "BeliefGroup ⊔ EthnicityAttribute ⊔ FreshWaterArea",
      "Character ⊔ EthnicityAttribute ⊔ Tribe",
      "Agent ⊔ Nation ⊔ (∃ knows.PoliticalBeliefSystem)",
      "Island ⊔ (∃ location.⊤)",
      "BeliefSystem ⊔ Mountain",
      "Angel ⊔ (∃ location.⊤)",
      "EvilSupernaturalBeing ⊔ (∃ ethnicity.⊤)",
      "∃ subregionOf.(Nation ⊔ (∃ subregion.FreshWaterArea))",
      "EthnicityAttribute ⊔ SaltWaterArea ⊔ Tribe",
      "FreshWaterArea ⊔ Woman",
      "Organization ⊔ Region"
   ]
}