{
   "F-measure": {
      "mean": -1.0,
      "std": 0.0
   },
   "Accuracy": {
      "mean": 0.385,
      "std": 0.4865953144040744
   },
   "Runtime": {
      "mean": 140.62940806627273,
      "std": 38.61973869352054
   },
   "Length": {
      "mean": 9.1,
      "std": 4.209513035969838
   }
}