{
   "F-measure": [
      94.872,
      99.548,
      66.667,
      100.0,
      75.0,
      94.611,
      76.923,
      100.0,
      90.90899999999999,
      95.93,
      69.231,
      100.0,
      66.667,
      77.778,
      72.727,
      71.111,
      69.565,
      100.0,
      95.758,
      100.0,
      98.75,
      99.68299999999999,
      96.552,
      80.0,
      93.878,
      97.214
   ],
   "Accuracy": [
      98.198,
      99.71600000000001,
      99.589,
      100.0,
      99.455,
      98.892,
      98.797,
      100.0,
      99.59599999999999,
      97.41199999999999,
      98.92,
      100.0,
      98.787,
      98.92800000000001,
      99.59,
      98.274,
      98.143,
      100.0,
      99.136,
      100.0,
      99.752,
      99.887,
      99.86500000000001,
      98.172,
      99.227,
      98.989
   ],
   "Runtime": [
      19.395248889923096,
      18.549363374710083,
      17.52402377128601,
      14.845256328582764,
      18.209416389465332,
      20.694670915603638,
      20.231343030929565,
      1.4468624591827393,
      19.650240182876587,
      18.43511414527893,
      17.741164684295654,
      1.9508147239685059,
      17.93430733680725,
      17.99561333656311,
      18.29834270477295,
      18.268310546875,
      18.04619836807251,
      9.137163639068604,
      21.724851846694946,
      8.38557505607605,
      21.147130489349365,
      21.73858094215393,
      12.82067322731018,
      18.300293445587158,
      20.288514852523804,
      18.962839126586914
   ],
   "Prediction": [
      "City ⊔ Group",
      "Man",
      "Mountain",
      "FixedHoliday ⊔ CognitiveAgent",
      "FreshWaterArea",
      "∃ location.⊤",
      "∃ visitedPlace.Object",
      "FreshWaterArea ⊔ SaltWaterArea ⊔ (∃ location.GeographicLocation)",
      "WaterArea ⊔ Organization",
      "Man",
      "SupernaturalBeing",
      "ReligiousBeliefSystem ⊔ Human",
      "Island",
      "ResidenceGroup",
      "ReligiousOrganization",
      "EthnicityAttribute",
      "EthnicityAttribute",
      "Nation ⊔ ⊥ ⊔ Agent",
      "∃ location.⊤",
      "Mountain ⊔ BeliefSystem",
      "∃ location.⊤",
      "∃ ethnicity.⊤",
      "(∃ subregionOf.⊤) ⊓ ((∃ subregion.Object) ⊔ (∃ subregionOf.(∃ residentPlaceOf.(∃ knows.(≤ 9 member.(Human ⊓ GroupOfPeople))))))",
      "Tribe ⊔ HumanAttribute",
      "Woman ⊓ Woman",
      "Region"
   ],
   "Length": [],
   "Learned Concept": [
      "City ⊔ EthnicityAttribute ⊔ Group",
      "Man ⊔ PoliticalAttribute",
      "Mountain ⊔ (∃ religiousBeliefOf.⊤)",
      "CognitiveAgent ⊔ FixedHoliday",
      "EvilSupernaturalBeing ⊔ FreshWaterArea ⊔ Mountain",
      "SupernaturalBeing ⊔ (∃ location.⊤)",
      "SupernaturalBeing ⊔ (∃ visitedPlace.⊤)",
      "WaterArea ⊔ (∃ location.⊤)",
      "FreshWaterArea ⊔ Organization",
      "FreshWaterArea ⊔ Man ⊔ StateOrProvince",
      "FreshWaterArea ⊔ Series ⊔ SupernaturalBeing",
      "Human ⊔ ReligiousBeliefSystem",
      "Island ⊔ Organization",
      "FreshWaterArea ⊔ God ⊔ ResidenceGroup",
      "Mountain ⊔ ReligiousOrganization",
      "BeliefGroup ⊔ EthnicityAttribute ⊔ FreshWaterArea",
      "Character ⊔ EthnicityAttribute ⊔ Tribe",
      "Agent ⊔ Nation ⊔ (∃ knows.PoliticalBeliefSystem)",
      "Island ⊔ (∃ location.⊤)",
      "BeliefSystem ⊔ Mountain",
      "Angel ⊔ (∃ location.⊤)",
      "EvilSupernaturalBeing ⊔ (∃ ethnicity.⊤)",
      "∃ subregionOf.(Nation ⊔ (∃ subregion.FreshWaterArea))",
      "EthnicityAttribute ⊔ SaltWaterArea ⊔ Tribe",
      "FreshWaterArea ⊔ Woman",
      "Organization ⊔ Region"
   ]
}