{
   "F-measure": {
      "mean": 0.2762095,
      "std": 0.3004390539855796
   },
   "Accuracy": {
      "mean": 0.32581200000000005,
      "std": 0.3111706265957634
   },
   "Runtime": {
      "mean": 5.532374105453491,
      "std": 10.923131516582126
   },
   "Length": {
      "mean": 1.335,
      "std": 1.8063153102379437
   }
}