{
   "F-measure": {
      "mean": -100.0,
      "std": 0.0
   },
   "Accuracy": {
      "mean": 0.0,
      "std": 0.0
   },
   "Runtime": {
      "mean": 300.5525771654569,
      "std": 0.9262699612754172
   },
   "Length": {
      "mean": 0.0,
      "std": 0.0
   }
}