{
   "F-measure": [
      99.235,
      32.794000000000004,
      11.704,
      4.852,
      11.704,
      28.842000000000002,
      4.588,
      95.271,
      0.551,
      91.128,
      6.676,
      2.186,
      98.812,
      95.041,
      4.852,
      4.324,
      0.8250000000000001,
      2.725,
      1.644,
      3.794,
      2.993,
      6.417000000000001,
      98.599,
      43.242999999999995,
      99.235,
      3.528,
      76.72099999999999,
      10.471,
      1.099,
      6.417000000000001,
      33.754,
      78.962,
      2.725,
      34.892,
      70.975,
      4.852,
      67.76100000000001,
      19.0,
      3.261,
      92.308
   ],
   "Accuracy": [
      98.481,
      19.613,
      6.215,
      2.486,
      6.215,
      16.851,
      2.348,
      92.403,
      0.27599999999999997,
      83.702,
      3.453,
      1.105,
      97.652,
      98.343,
      2.486,
      2.21,
      0.414,
      1.381,
      0.8290000000000001,
      1.934,
      1.5190000000000001,
      3.315,
      97.238,
      39.088,
      98.481,
      1.796,
      68.232,
      5.525,
      0.5519999999999999,
      3.315,
      20.304,
      78.729,
      1.381,
      21.133,
      62.155,
      2.486,
      70.166,
      10.497,
      1.657,
      87.983
   ],
   "Runtime": [
      4.326,
      6.364,
      7.851,
      8.254,
      8.688,
      8.054,
      7.778,
      9.45,
      4.896,
      5.359,
      7.946,
      6.33,
      5.28,
      5.031,
      7.038,
      5.81,
      4.775,
      7.14,
      5.332,
      6.56,
      6.344,
      5.757,
      6.053,
      7.472,
      5.167,
      5.392,
      8.898,
      5.313,
      5.152,
      6.082,
      5.849,
      7.871,
      5.971,
      4.632,
      8.14,
      5.608,
      8.508,
      4.93,
      4.28,
      8.404
   ],
   "Prediction": [
      "Object ⊔ GeographicLocation ⊔ HumanAttribute",
      "(¬GeographicLocation) ⊔ (¬Object) ⊔ GeographicArea",
      "(¬GeographicLocation) ⊔ (¬Object) ⊔ Woman",
      "(¬GeographicLocation) ⊔ HumanAttribute ⊔ (¬Object)",
      "(¬GeographicLocation) ⊔ (¬Object) ⊔ GeographicArea",
      "(¬GeographicLocation) ⊔ (¬Object) ⊔ GeographicArea",
      "(¬GeographicLocation) ⊔ HumanAttribute ⊔ (¬Object)",
      "Object",
      "(¬GeographicLocation) ⊔ (¬HumanAttribute) ⊔ (¬Object)",
      "Object ⊔ (¬GeographicLocation) ⊔ (¬HumanAttribute)",
      "(¬GeographicLocation) ⊔ HumanAttribute ⊔ (¬Object)",
      "(¬GeographicLocation) ⊔ (¬HumanAttribute) ⊔ (¬Object)",
      "Object ⊔ GeographicLocation ⊔ HumanAttribute",
      "GeographicLocation ⊔ HumanAttribute ⊔ (¬Object)",
      "(¬GeographicLocation) ⊔ HumanAttribute ⊔ (¬Object)",
      "(¬GeographicLocation) ⊔ (¬HumanAttribute) ⊔ (¬Object)",
      "(¬GeographicLocation) ⊔ (¬HumanAttribute) ⊔ (¬Object)",
      "(¬GeographicLocation) ⊔ (¬HumanAttribute) ⊔ (¬Object)",
      "(¬GeographicLocation) ⊔ (¬HumanAttribute) ⊔ (¬Object)",
      "(¬GeographicLocation) ⊔ (¬Object) ⊔ (¬HumanAttribute)",
      "(¬GeographicLocation) ⊔ (¬HumanAttribute) ⊔ (¬Object)",
      "(¬GeographicLocation) ⊔ (¬Object) ⊔ Woman",
      "Object ⊔ GeographicLocation ⊔ HumanAttribute",
      "Object",
      "Object ⊔ GeographicLocation ⊔ HumanAttribute",
      "(¬GeographicLocation) ⊔ (¬HumanAttribute) ⊔ (¬Object)",
      "Object",
      "City ⊔ (¬GeographicLocation) ⊔ (¬Object)",
      "(¬GeographicLocation) ⊔ (¬HumanAttribute) ⊔ (¬Object)",
      "(¬GeographicLocation) ⊔ HumanAttribute ⊔ (¬Object)",
      "(¬GeographicLocation) ⊔ (¬Object) ⊔ GeographicArea",
      "Agent",
      "(¬GeographicLocation) ⊔ (¬HumanAttribute) ⊔ (¬Object)",
      "(¬GeographicLocation) ⊔ (¬Object) ⊔ GeographicArea",
      "Object",
      "(¬GeographicLocation) ⊔ (¬HumanAttribute) ⊔ (¬Object)",
      "Agent",
      "(¬GeographicLocation) ⊔ (¬Object) ⊔ Woman",
      "(¬GeographicLocation) ⊔ (¬HumanAttribute) ⊔ (¬Object)",
      "Object"
   ],
   "Learned Concept": [
      "City ⊔ (∀ visitedPlaceOf.Mountain)",
      "LandArea ⊔ PoliticalOrganization",
      "SupernaturalBeing ⊔ (∃ spouseOf.⊤)",
      "EthnicityAttribute ⊔ ResidencyAttribute",
      "God ⊔ (∃ subregionOf.⊤)",
      "GeopoliticalArea ⊔ NaturalLanguage",
      "CitizenshipAttribute ⊔ EthnicityAttribute",
      "Object ⊓ (Man ⊔ (¬CognitiveAgent)) ⊓ (∀ ethnicityOf.ContentBearingObject)",
      "SupernaturalRegion ⊔ (∃ locationOf.FreshWaterArea)",
      "Object ⊓ (¬Nation)",
      "Island ⊔ Mountain ⊔ (∃ ethnicityOf.⊤)",
      "WaterArea ⊓ (SaltWaterArea ⊔ (∀ location.⊥)) ⊓ (¬SupernaturalBeing)",
      "StateOrProvince ⊔ (∀ visitedPlaceOf.ReligiousBeliefSystem)",
      "Tribe ⊔ (¬Object)",
      "(GeographicArea ⊓ (Nation ⊔ (∃ subregion.WaterArea))) ⊔ (∃ ethnicityOf.⊤)",
      "BeliefSystem ⊔ (∃ subregion.GeopoliticalArea)",
      "Character ⊔ (∃ locationOf.Mountain)",
      "BeliefGroup ⊔ Mountain",
      "BeliefSystem",
      "NaturalLanguage ⊔ WaterArea",
      "FreshWaterArea ⊔ NaturalLanguage",
      "(SonOfGod ⊔ Woman) ⊓ (∀ ethnicity.Group)",
      "∀ subregion.Group",
      "Object ⊓ (Angel ⊔ (¬Agent)) ⊓ (∀ ethnicityOf.ContentBearingObject)",
      "ResidenceGroup ⊔ (∀ relativeOf.(∀ visitedPlace.CognitiveAgent))",
      "BeliefSystem ⊔ (∃ visitedPlaceOf.(∀ relativeOf.LandArea))",
      "Human ⊔ (∃ subregion.FreshWaterArea)",
      "SonOfGod ⊔ (∃ subregionOf.GeopoliticalArea)",
      "(SaltWaterArea ⊓ (∃ location.⊤)) ⊔ (∃ religiousBeliefOf.(¬EvilSupernaturalBeing))",
      "(GeographicArea ⊓ (WaterArea ⊔ (¬LandArea))) ⊔ (∃ ethnicityOf.⊤)",
      "PoliticalOrganization ⊔ (GeographicArea ⊓ (¬FreshWaterArea))",
      "(EvilSupernaturalBeing ⊔ Man) ⊓ (∀ religiousBelief.ContentBearingObject)",
      "SupernaturalBeing ⊔ (∃ locationOf.FreshWaterArea)",
      "GeographicArea ⊔ ReligiousBeliefSystem",
      "Man ⊔ NaturalLanguage",
      "(Region ⊓ (SupernaturalRegion ⊔ (¬GeographicArea))) ⊔ (∃ subregion.(¬ReligiousBeliefSystem))",
      "CognitiveAgent ⊓ (Man ⊔ (¬EvilSupernaturalBeing)) ⊓ (∀ ethnicity.Group)",
      "Nation ⊔ (∃ religiousBelief.⊤)",
      "EvilSupernaturalBeing ⊔ (∃ subregion.⊤)",
      "CognitiveAgent ⊔ LandArea"
   ]
}