{
   "F-measure": {
      "mean": 33.969025,
      "std": 37.71485731942221
   },
   "Accuracy": {
      "mean": 30.348725,
      "std": 37.91367507311016
   },
   "Runtime": {
      "mean": 6.4521250000000006,
      "std": 1.4207181491678778
   }
}