{
   "F-measure": {
      "mean": 42.7678,
      "std": 38.457004103413986
   },
   "Accuracy": {
      "mean": 47.310050000000004,
      "std": 38.223196148379586
   },
   "Runtime": {
      "mean": 4.1243419528007506,
      "std": 0.11471530067189409
   }
}