{
   "F-measure": [
      99.862,
      37.816,
      20.93,
      80.0,
      13.761000000000001,
      33.379,
      77.273,
      95.271,
      0.551,
      99.753,
      6.676,
      94.118,
      99.444,
      29.847,
      4.852,
      4.324,
      0.8250000000000001,
      3.231,
      100.0,
      4.494,
      3.5479999999999996,
      11.97,
      99.235,
      43.242999999999995,
      99.862,
      3.528,
      76.72099999999999,
      12.327,
      1.099,
      6.417000000000001,
      38.889,
      85.757,
      2.725,
      34.892,
      70.975,
      20.571,
      74.18299999999999,
      22.189999999999998,
      3.8649999999999998,
      92.308
   ],
   "Accuracy": [
      99.724,
      35.497,
      53.039,
      98.75699999999999,
      22.099,
      32.735,
      98.619,
      92.403,
      0.27599999999999997,
      99.586,
      3.453,
      99.862,
      98.895,
      17.541,
      2.486,
      2.21,
      0.414,
      17.265,
      100.0,
      17.818,
      17.403,
      51.243,
      98.481,
      39.088,
      99.724,
      1.796,
      68.232,
      21.409,
      0.5519999999999999,
      3.315,
      36.187999999999995,
      86.74,
      1.381,
      21.133,
      62.155,
      80.801,
      78.17699999999999,
      26.381,
      17.541,
      87.983
   ],
   "Runtime": [
      4.151453495025635,
      4.1843578815460205,
      4.382484436035156,
      4.264343738555908,
      4.026784420013428,
      4.155287265777588,
      4.089500427246094,
      4.008681535720825,
      4.114065885543823,
      4.002468109130859,
      3.995940685272217,
      4.215328216552734,
      4.062971115112305,
      4.056204080581665,
      4.065972328186035,
      3.9365158081054688,
      3.9578068256378174,
      4.14097261428833,
      4.174624681472778,
      4.1046435832977295,
      4.174737930297852,
      4.210488796234131,
      4.432645797729492,
      3.9986155033111572,
      3.985959768295288,
      4.274317264556885,
      4.041445970535278,
      4.031710863113403,
      4.114251375198364,
      4.182124614715576,
      4.3546483516693115,
      4.254252672195435,
      4.151630878448486,
      4.029268503189087,
      3.972180128097534,
      4.141442537307739,
      4.09494423866272,
      4.155063629150391,
      4.086637496948242,
      4.19690465927124
   ],
   "Prediction": [
      "⊤",
      "Object",
      "CognitiveAgent",
      "HumanAttribute",
      "Object",
      "Object",
      "HumanAttribute",
      "Object",
      "⊤",
      "Object",
      "⊤",
      "WaterArea",
      "⊤",
      "⊤",
      "⊤",
      "⊤",
      "⊤",
      "Object",
      "BeliefSystem",
      "Object",
      "Object",
      "Human",
      "⊤",
      "Object",
      "⊤",
      "⊤",
      "Object",
      "Object",
      "⊤",
      "⊤",
      "Object",
      "CognitiveAgent",
      "⊤",
      "⊤",
      "Object",
      "Region",
      "CognitiveAgent",
      "Object",
      "Object",
      "Object"
   ],
   "Learned Concept": [
      "City ⊔ (∀ visitedPlaceOf.Mountain)",
      "LandArea ⊔ PoliticalOrganization",
      "SupernaturalBeing ⊔ (∃ spouseOf.⊤)",
      "EthnicityAttribute ⊔ ResidencyAttribute",
      "God ⊔ (∃ subregionOf.⊤)",
      "GeopoliticalArea ⊔ NaturalLanguage",
      "CitizenshipAttribute ⊔ EthnicityAttribute",
      "Object ⊓ (Man ⊔ (¬CognitiveAgent)) ⊓ (∀ ethnicityOf.ContentBearingObject)",
      "SupernaturalRegion ⊔ (∃ locationOf.FreshWaterArea)",
      "Object ⊓ (¬Nation)",
      "Island ⊔ Mountain ⊔ (∃ ethnicityOf.⊤)",
      "WaterArea ⊓ (SaltWaterArea ⊔ (∀ location.⊥)) ⊓ (¬SupernaturalBeing)",
      "StateOrProvince ⊔ (∀ visitedPlaceOf.ReligiousBeliefSystem)",
      "Tribe ⊔ (¬Object)",
      "(GeographicArea ⊓ (Nation ⊔ (∃ subregion.WaterArea))) ⊔ (∃ ethnicityOf.⊤)",
      "BeliefSystem ⊔ (∃ subregion.GeopoliticalArea)",
      "Character ⊔ (∃ locationOf.Mountain)",
      "BeliefGroup ⊔ Mountain",
      "BeliefSystem",
      "NaturalLanguage ⊔ WaterArea",
      "FreshWaterArea ⊔ NaturalLanguage",
      "(SonOfGod ⊔ Woman) ⊓ (∀ ethnicity.Group)",
      "∀ subregion.Group",
      "Object ⊓ (Angel ⊔ (¬Agent)) ⊓ (∀ ethnicityOf.ContentBearingObject)",
      "ResidenceGroup ⊔ (∀ relativeOf.(∀ visitedPlace.CognitiveAgent))",
      "BeliefSystem ⊔ (∃ visitedPlaceOf.(∀ relativeOf.LandArea))",
      "Human ⊔ (∃ subregion.FreshWaterArea)",
      "SonOfGod ⊔ (∃ subregionOf.GeopoliticalArea)",
      "(SaltWaterArea ⊓ (∃ location.⊤)) ⊔ (∃ religiousBeliefOf.(¬EvilSupernaturalBeing))",
      "(GeographicArea ⊓ (WaterArea ⊔ (¬LandArea))) ⊔ (∃ ethnicityOf.⊤)",
      "PoliticalOrganization ⊔ (GeographicArea ⊓ (¬FreshWaterArea))",
      "(EvilSupernaturalBeing ⊔ Man) ⊓ (∀ religiousBelief.ContentBearingObject)",
      "SupernaturalBeing ⊔ (∃ locationOf.FreshWaterArea)",
      "GeographicArea ⊔ ReligiousBeliefSystem",
      "Man ⊔ NaturalLanguage",
      "(Region ⊓ (SupernaturalRegion ⊔ (¬GeographicArea))) ⊔ (∃ subregion.(¬ReligiousBeliefSystem))",
      "CognitiveAgent ⊓ (Man ⊔ (¬EvilSupernaturalBeing)) ⊓ (∀ ethnicity.Group)",
      "Nation ⊔ (∃ religiousBelief.⊤)",
      "EvilSupernaturalBeing ⊔ (∃ subregion.⊤)",
      "CognitiveAgent ⊔ LandArea"
   ]
}