{
   "F-measure": {
      "mean": 91.8827,
      "std": 10.143421171380002
   },
   "Accuracy": {
      "mean": 98.89165,
      "std": 3.453633785956468
   },
   "Runtime": {
      "mean": 17.16476363539696,
      "std": 9.202017652192811
   }
}