{
   "F-measure": [
      99.862,
      98.208,
      88.889,
      94.118,
      97.727,
      97.908,
      96.97,
      99.181,
      66.667,
      99.753,
      93.61699999999999,
      71.429,
      100.0,
      99.206,
      83.871,
      96.97,
      80.0,
      100.0,
      90.90899999999999,
      78.261,
      70.588,
      97.872,
      100.0,
      96.615,
      99.931,
      92.857,
      99.735,
      98.734,
      85.714,
      70.27,
      96.711,
      93.053,
      94.73700000000001,
      100.0,
      99.248,
      75.862,
      74.18299999999999,
      100.0,
      95.652,
      100.0
   ],
   "Accuracy": [
      99.724,
      99.309,
      98.75699999999999,
      99.724,
      99.724,
      99.309,
      99.862,
      98.75699999999999,
      99.862,
      99.586,
      99.586,
      99.44800000000001,
      100.0,
      99.724,
      99.309,
      99.862,
      99.862,
      100.0,
      99.862,
      99.309,
      99.309,
      99.862,
      100.0,
      98.481,
      99.862,
      99.724,
      99.724,
      99.862,
      99.862,
      98.481,
      98.619,
      94.06099999999999,
      99.862,
      100.0,
      99.309,
      99.033,
      78.17699999999999,
      100.0,
      99.862,
      100.0
   ],
   "Runtime": [
      24.550045013427734,
      18.360350847244263,
      19.800259590148926,
      18.237947702407837,
      18.91111660003662,
      18.24884033203125,
      17.52443766593933,
      24.728548049926758,
      17.76055645942688,
      25.90966796875,
      22.08583426475525,
      17.796096086502075,
      4.049575328826904,
      56.41209173202515,
      19.81309175491333,
      1.387376070022583,
      17.7479248046875,
      11.297255039215088,
      17.974026203155518,
      19.74639916419983,
      17.402031183242798,
      21.260182857513428,
      3.7386744022369385,
      18.226717472076416,
      6.287677526473999,
      8.560223817825317,
      3.4093902111053467,
      19.651632070541382,
      18.5268714427948,
      18.926737546920776,
      23.363605976104736,
      18.480016708374023,
      17.68049168586731,
      14.746509075164795,
      18.24411129951477,
      18.52648377418518,
      24.677120208740234,
      2.038486957550049,
      18.26891851425171,
      2.233222007751465
   ],
   "Prediction": [
      "∀ memberOf.⊤",
      "LandArea",
      "∃ spouseOf.⊤",
      "EthnicityAttribute",
      "∃ subregionOf.⊤",
      "GeopoliticalArea",
      "EthnicityAttribute",
      "Group ⊔ Region ⊔ Man",
      "SupernaturalRegion",
      "Object ⊔ Object",
      "Island ⊔ (∃ ethnicityOf.Human)",
      "FreshWaterArea",
      "∀ visitedPlaceOf.(∀ religiousBelief.Man)",
      "EthnicityAttribute ⊔ ReligiousBelief ⊔ ResidencyAttribute ⊔ Tribe ⊔ PoliticalAttribute ⊔ GeographicLocation ⊔ FixedHoliday ⊔ ReligiousBeliefSystem",
      "∃ ethnicityOf.⊤",
      "BeliefSystem ⊔ (∃ subregion.Region)",
      "Character",
      "BeliefGroup ⊔ Mountain",
      "ReligiousBeliefSystem",
      "WaterArea ⊔ WaterArea",
      "FreshWaterArea",
      "Woman ⊓ (∀ ethnicity.Woman)",
      "∀ subregion.SaltWaterArea",
      "Region",
      "∀ relativeOf.(∀ spouseOf.BeliefSystem)",
      "BeliefSystem ⊔ God ⊔ (∃ visitedPlaceOf.(∀ siblingOf.ReligiousBeliefSystem))",
      "Human ⊔ Human",
      "(∃ subregionOf.GeographicArea) ⊓ GeographicArea",
      "∃ religiousBeliefOf.⊤",
      "∃ ethnicityOf.⊤",
      "Organization ⊔ GeographicArea",
      "Man",
      "SupernaturalBeing",
      "GeographicArea ⊔ ReligiousBeliefSystem ⊔ WaterArea",
      "Man",
      "∃ subregion.Region",
      "CognitiveAgent ⊔ CognitiveAgent",
      "(∃ religiousBelief.ReligiousBeliefSystem) ⊔ (Nation ⊓ ⊤)",
      "∃ subregion.Region",
      "Man ⊔ LandArea ⊔ CognitiveAgent"
   ],
   "Learned Concept": [
      "City ⊔ (∀ visitedPlaceOf.Mountain)",
      "LandArea ⊔ PoliticalOrganization",
      "SupernaturalBeing ⊔ (∃ spouseOf.⊤)",
      "EthnicityAttribute ⊔ ResidencyAttribute",
      "God ⊔ (∃ subregionOf.⊤)",
      "GeopoliticalArea ⊔ NaturalLanguage",
      "CitizenshipAttribute ⊔ EthnicityAttribute",
      "Object ⊓ (Man ⊔ (¬CognitiveAgent)) ⊓ (∀ ethnicityOf.ContentBearingObject)",
      "SupernaturalRegion ⊔ (∃ locationOf.FreshWaterArea)",
      "Object ⊓ (¬Nation)",
      "Island ⊔ Mountain ⊔ (∃ ethnicityOf.⊤)",
      "WaterArea ⊓ (SaltWaterArea ⊔ (∀ location.⊥)) ⊓ (¬SupernaturalBeing)",
      "StateOrProvince ⊔ (∀ visitedPlaceOf.ReligiousBeliefSystem)",
      "Tribe ⊔ (¬Object)",
      "(GeographicArea ⊓ (Nation ⊔ (∃ subregion.WaterArea))) ⊔ (∃ ethnicityOf.⊤)",
      "BeliefSystem ⊔ (∃ subregion.GeopoliticalArea)",
      "Character ⊔ (∃ locationOf.Mountain)",
      "BeliefGroup ⊔ Mountain",
      "BeliefSystem",
      "NaturalLanguage ⊔ WaterArea",
      "FreshWaterArea ⊔ NaturalLanguage",
      "(SonOfGod ⊔ Woman) ⊓ (∀ ethnicity.Group)",
      "∀ subregion.Group",
      "Object ⊓ (Angel ⊔ (¬Agent)) ⊓ (∀ ethnicityOf.ContentBearingObject)",
      "ResidenceGroup ⊔ (∀ relativeOf.(∀ visitedPlace.CognitiveAgent))",
      "BeliefSystem ⊔ (∃ visitedPlaceOf.(∀ relativeOf.LandArea))",
      "Human ⊔ (∃ subregion.FreshWaterArea)",
      "SonOfGod ⊔ (∃ subregionOf.GeopoliticalArea)",
      "(SaltWaterArea ⊓ (∃ location.⊤)) ⊔ (∃ religiousBeliefOf.(¬EvilSupernaturalBeing))",
      "(GeographicArea ⊓ (WaterArea ⊔ (¬LandArea))) ⊔ (∃ ethnicityOf.⊤)",
      "PoliticalOrganization ⊔ (GeographicArea ⊓ (¬FreshWaterArea))",
      "(EvilSupernaturalBeing ⊔ Man) ⊓ (∀ religiousBelief.ContentBearingObject)",
      "SupernaturalBeing ⊔ (∃ locationOf.FreshWaterArea)",
      "GeographicArea ⊔ ReligiousBeliefSystem",
      "Man ⊔ NaturalLanguage",
      "(Region ⊓ (SupernaturalRegion ⊔ (¬GeographicArea))) ⊔ (∃ subregion.(¬ReligiousBeliefSystem))",
      "CognitiveAgent ⊓ (Man ⊔ (¬EvilSupernaturalBeing)) ⊓ (∀ ethnicity.Group)",
      "Nation ⊔ (∃ religiousBelief.⊤)",
      "EvilSupernaturalBeing ⊔ (∃ subregion.⊤)",
      "CognitiveAgent ⊔ LandArea"
   ]
}