{
   "SetTransformer+GRU": {
      "acc": {
         "values": [
            98.198,
            99.71600000000001,
            82.46,
            99.72999999999999,
            99.18299999999999,
            89.64,
            100.0,
            99.014,
            100.0,
            69.501,
            99.72999999999999,
            99.548,
            100.0,
            99.866,
            99.59,
            99.203,
            99.603,
            99.744,
            93.85900000000001,
            99.454,
            99.628,
            99.548,
            83.163,
            99.603,
            100.0,
            98.989
         ],
         "mean": [
            96.49884615384615
         ],
         "std": [
            7.221333803350201
         ]
      },
      "prediction": {
         "values": [
            "City ⊔ Group ⊔ Group",
            "Man ⊔ Man",
            "City ⊔ Group ⊔ Group",
            "CognitiveAgent ⊔ Human",
            "EvilSupernaturalBeing ⊔ Mountain",
            "City ⊔ Group ⊔ Group",
            "SupernaturalBeing ⊔ (∃ visitedPlace.⊤)",
            "EvilSupernaturalBeing ⊔ (∃ location.⊤)",
            "FreshWaterArea ⊔ FreshWaterArea ⊔ Organization",
            "FreshWaterArea ⊔ StateOrProvince",
            "FreshWaterArea ⊔ SupernaturalBeing",
            "Human",
            "Island ⊔ Organization",
            "FreshWaterArea ⊔ ResidenceGroup ⊔ SonOfGod",
            "ReligiousOrganization ⊔ ReligiousOrganization",
            "BeliefGroup ⊔ EthnicityAttribute ⊔ ReligiousOrganization",
            "EthnicityAttribute ⊔ EvilSupernaturalBeing ⊔ Tribe",
            "Agent ⊔ CognitiveAgent",
            "LandArea ⊔ (∃ location.⊤)",
            "ReligiousBeliefSystem ⊔ ReligiousBeliefSystem",
            "PoliticalBeliefSystem ⊔ (∃ location.⊤)",
            "Mountain ⊔ (∃ ethnicity.⊤)",
            "City ⊔ Group ⊔ Group",
            "EthnicityAttribute ⊔ Tribe ⊔ Tribe",
            "FreshWaterArea ⊔ Woman",
            "Region ⊔ Region"
         ]
      },
      "f1": {
         "values": [
            94.872,
            99.548,
            0.0,
            99.612,
            57.143,
            61.016999999999996,
            100.0,
            95.18100000000001,
            100.0,
            14.508,
            93.75,
            99.34100000000001,
            100.0,
            97.674,
            72.727,
            88.46199999999999,
            94.915,
            99.663,
            76.444,
            71.429,
            98.137,
            98.74199999999999,
            8.642,
            94.915,
            100.0,
            97.214
         ],
         "mean": [
            81.30523076923077
         ],
         "std": [
            29.30756137836694
         ]
      },
      "time": {
         "values": [
            0.04654988875755897,
            0.04654988875755897,
            0.04654988875755897,
            0.04654988875755897,
            0.04654988875755897,
            0.04654988875755897,
            0.04654988875755897,
            0.04654988875755897,
            0.04654988875755897,
            0.04654988875755897,
            0.04654988875755897,
            0.04654988875755897,
            0.04654988875755897,
            0.04654988875755897,
            0.04654988875755897,
            0.04654988875755897,
            0.04654988875755897,
            0.04654988875755897,
            0.04654988875755897,
            0.04654988875755897,
            0.04654988875755897,
            0.04654988875755897,
            0.04654988875755897,
            0.04654988875755897,
            0.04654988875755897,
            0.04654988875755897
         ],
         "mean": [
            0.04654988875755898
         ],
         "std": [
            6.938893903907228e-18
         ]
      }
   },
   "SetTransformer+LSTM": {
      "acc": {
         "values": [
            98.198,
            99.71600000000001,
            99.453,
            99.72999999999999,
            99.72800000000001,
            89.64,
            100.0,
            99.753,
            100.0,
            97.60600000000001,
            99.59599999999999,
            57.735,
            98.787,
            98.153,
            99.18299999999999,
            97.875,
            99.735,
            99.488,
            93.85900000000001,
            99.454,
            97.57000000000001,
            99.324,
            89.642,
            99.471,
            100.0,
            99.104
         ],
         "mean": [
            96.64615384615384
         ],
         "std": [
            8.260366003682458
         ]
      },
      "prediction": {
         "values": [
            "City ⊔ Group ⊔ Group",
            "Man ⊔ Man",
            "CitizenshipAttribute ⊔ (∃ religiousBeliefOf.⊤)",
            "CognitiveAgent ⊔ Human",
            "FreshWaterArea ⊔ Mountain ⊔ SupernaturalRegion",
            "City ⊔ Group ⊔ Group",
            "SupernaturalBeing ⊔ (∃ visitedPlace.⊤)",
            "FreshWaterArea ⊔ (∃ location.⊤)",
            "FreshWaterArea ⊔ FreshWaterArea ⊔ Organization",
            "FreshWaterArea ⊔ Man ⊔ ReligiousOrganization",
            "FreshWaterArea ⊔ SupernaturalBeing ⊔ SupernaturalRegion",
            "City ⊔ Group ⊔ Group",
            "Organization ⊔ Organization",
            "FreshWaterArea ⊔ ResidenceGroup ⊔ Tribe",
            "BeliefGroup ⊔ ReligiousOrganization",
            "BeliefGroup ⊔ FreshWaterArea ⊔ ReligiousOrganization",
            "EthnicityAttribute ⊔ EthnicityAttribute ⊔ Tribe",
            "Agent ⊔ PoliticalAttribute",
            "LandArea ⊔ (∃ location.⊤)",
            "ReligiousBeliefSystem ⊔ ReligiousBeliefSystem",
            "City ⊔ (∃ location.⊤)",
            "PoliticalOrganization ⊔ (∃ ethnicity.⊤)",
            "(∃ subregionOf.Nation) ⊔ (∃ religiousBelief.⊤)",
            "EthnicityAttribute ⊔ SupernaturalRegion ⊔ Tribe",
            "FreshWaterArea ⊔ Woman ⊔ Woman",
            "BeliefGroup ⊔ Region"
         ]
      },
      "f1": {
         "values": [
            94.872,
            99.548,
            60.0,
            99.612,
            90.0,
            61.016999999999996,
            100.0,
            98.824,
            100.0,
            96.275,
            90.90899999999999,
            0.0,
            66.667,
            74.074,
            57.143,
            61.905,
            96.552,
            99.327,
            76.444,
            71.429,
            88.764,
            98.125,
            6.666999999999999,
            93.333,
            100.0,
            97.576
         ],
         "mean": [
            79.96396153846155
         ],
         "std": [
            26.495703685809385
         ]
      },
      "time": {
         "values": [
            0.062027234297532305,
            0.062027234297532305,
            0.062027234297532305,
            0.062027234297532305,
            0.062027234297532305,
            0.062027234297532305,
            0.062027234297532305,
            0.062027234297532305,
            0.062027234297532305,
            0.062027234297532305,
            0.062027234297532305,
            0.062027234297532305,
            0.062027234297532305,
            0.062027234297532305,
            0.062027234297532305,
            0.062027234297532305,
            0.062027234297532305,
            0.062027234297532305,
            0.062027234297532305,
            0.062027234297532305,
            0.062027234297532305,
            0.062027234297532305,
            0.062027234297532305,
            0.062027234297532305,
            0.062027234297532305,
            0.062027234297532305
         ],
         "mean": [
            0.062027234297532305
         ],
         "std": [
            0.0
         ]
      }
   },