{
   "SetTransformer": {
      "acc": {
         "values": [
            98.198,
            99.71600000000001,
            99.72999999999999,
            99.05000000000001,
            98.649,
            95.126,
            97.855,
            99.1,
            98.787,
            97.989,
            99.59,
            99.603,
            98.143,
            99.744,
            99.454,
            98.509,
            99.603,
            100.0,
            98.989
         ],
         "mean": [
            98.83342105263158
         ],
         "std": [
            1.0880753319406868
         ]
      },
      "prediction": {
         "values": [
            "City ⊔ Group ⊔ Group",
            "Man ⊔ Man",
            "CognitiveAgent ⊔ Human",
            "Angel ⊔ FreshWaterArea ⊔ SonOfGod",
            "FreshWaterArea ⊔ FreshWaterArea ⊔ SupernaturalRegion",
            "EthnicGroup ⊔ Man",
            "FreshWaterArea ⊔ FreshWaterArea ⊔ PoliticalOrganization",
            "Human ⊔ ReligiousBelief",
            "Organization ⊔ Organization",
            "FreshWaterArea ⊔ FreshWaterArea ⊔ SonOfGod",
            "ReligiousOrganization ⊔ ReligiousOrganization",
            "BeliefGroup ⊔ EthnicityAttribute ⊔ WaterArea",
            "EthnicityAttribute ⊔ EthnicityAttribute",
            "Agent ⊔ CognitiveAgent",
            "ReligiousBeliefSystem ⊔ ReligiousBeliefSystem",
            "∃ subregionOf.Nation",
            "EthnicityAttribute ⊔ EthnicityAttribute ⊔ Tribe",
            "FreshWaterArea ⊔ Woman",
            "Region ⊔ Region"
         ]
      },
      "f1": {
         "values": [
            94.872,
            99.548,
            99.612,
            63.158,
            54.545,
            92.437,
            42.857,
            98.691,
            66.667,
            48.276,
            72.727,
            95.082,
            69.565,
            99.663,
            71.429,
            35.294,
            94.915,
            100.0,
            97.214
         ],
         "mean": [
            78.7658947368421
         ],
         "std": [
            21.42941096249372
         ]
      },
      "time": {
         "values": [
            0.06764973126924954,
            0.06764973126924954,
            0.06764973126924954,
            0.06764973126924954,
            0.06764973126924954,
            0.06764973126924954,
            0.06764973126924954,
            0.06764973126924954,
            0.06764973126924954,
            0.06764973126924954,
            0.06764973126924954,
            0.06764973126924954,
            0.06764973126924954,
            0.06764973126924954,
            0.06764973126924954,
            0.06764973126924954,
            0.06764973126924954,
            0.06764973126924954,
            0.06764973126924954
         ],
         "mean": [
            0.06764973126924953
         ],
         "std": [
            1.3877787807814457e-17
         ]
      }
   },
   "GRU": {
      "acc": {
         "values": [
            92.53099999999999,
            99.247,
            64.411,
            99.18299999999999,
            98.649,
            69.437,
            98.383,
            99.458,
            100.0,
            98.153,
            100.0,
            98.80499999999999,
            99.603,
            94.303,
            99.319,
            99.603,
            99.615,
            98.989
         ],
         "mean": [
            94.98272222222222
         ],
         "std": [
            10.133983525223739
         ]
      },
      "prediction": {
         "values": [
            "City ⊔ EthnicityAttribute ⊔ Island",
            "Man ⊔ NaturalLanguage",
            "EthnicGroup ⊔ SupernaturalBeing",
            "EvilSupernaturalBeing ⊔ Mountain ⊔ Mountain",
            "FreshWaterArea ⊔ FreshWaterArea ⊔ SonOfGod",
            "FreshWaterArea ⊔ StateOrProvince ⊔ SonOfGod",
            "FreshWaterArea ⊔ SupernaturalRegion",
            "Human ⊔ SupernaturalRegion",
            "Island ⊔ Organization",
            "FreshWaterArea ⊔ ResidenceGroup ⊔ Tribe",
            "Mountain ⊔ ReligiousOrganization",
            "EthnicityAttribute ⊔ EthnicityAttribute ⊔ ReligiousOrganization",
            "EthnicityAttribute ⊔ EvilSupernaturalBeing ⊔ Tribe",
            "CognitiveAgent ⊔ FreshWaterArea",
            "EvilSupernaturalBeing ⊔ ReligiousBeliefSystem",
            "EthnicityAttribute ⊔ Tribe ⊔ Tribe",
            "FreshWaterArea ⊔ Mountain ⊔ Woman",
            "Region ⊔ Region"
         ]
      },
      "f1": {
         "values": [
            75.986,
            98.802,
            4.255,
            57.143,
            54.545,
            14.469999999999999,
            50.0,
            99.211,
            100.0,
            74.074,
            100.0,
            81.633,
            94.915,
            91.995,
            66.667,
            94.915,
            97.196,
            97.214
         ],
         "mean": [
            75.16783333333333
         ],
         "std": [
            28.49624735186879
         ]
      },
      "time": {
         "values": [
            0.08017772894639236,
            0.08017772894639236,
            0.08017772894639236,
            0.08017772894639236,
            0.08017772894639236,
            0.08017772894639236,
            0.08017772894639236,
            0.08017772894639236,
            0.08017772894639236,
            0.08017772894639236,
            0.08017772894639236,
            0.08017772894639236,
            0.08017772894639236,
            0.08017772894639236,
            0.08017772894639236,
            0.08017772894639236,
            0.08017772894639236,
            0.08017772894639236
         ],
         "mean": [
            0.08017772894639236
         ],
         "std": [
            0.0
         ]
      }
   },
   "LSTM": {
      "acc": {
         "values": [
            100.0,
            66.667,
            63.50900000000001,
            99.72800000000001,
            99.323,
            69.501,
            98.383,
            99.279,
            98.654,
            98.153,
            99.18299999999999,
            97.875,
            99.735,
            98.982,
            99.18400000000001,
            99.339,
            99.871,
            100.0
         ],
         "mean": [
            93.74255555555555
         ],
         "std": [
            12.21194547801556
         ]
      },
      "prediction": {
         "values": [
            "City ⊔ EthnicityAttribute ⊔ Group ⊔ (∃ knows.PoliticalBeliefSystem)",
            "EthnicGroup ⊔ Mountain",
            "Character ⊔ EthnicGroup",
            "FreshWaterArea ⊔ Mountain ⊔ SupernaturalRegion",
            "FreshWaterArea ⊔ FreshWaterArea ⊔ ReligiousOrganization",
            "FreshWaterArea ⊔ StateOrProvince",
            "FreshWaterArea ⊔ FreshWaterArea ⊔ SupernaturalRegion",
            "Human ⊔ SaltWaterArea",
            "Island ⊔ Island ⊔ SupernaturalRegion",
            "FreshWaterArea ⊔ ResidenceGroup ⊔ Tribe",
            "BeliefGroup",
            "BeliefGroup ⊔ FreshWaterArea ⊔ ReligiousOrganization",
            "EthnicityAttribute ⊔ EthnicityAttribute ⊔ Tribe",
            "Agent ⊔ ContentBearingObject",
            "God ⊔ ReligiousBeliefSystem",
            "EthnicityAttribute ⊔ God ⊔ Tribe",
            "FreshWaterArea ⊔ SupernaturalRegion ⊔ Woman",
            "Organization ⊔ Region"
         ]
      },
      "f1": {
         "values": [
            100.0,
            0.0,
            0.0,
            90.0,
            80.0,
            14.508,
            50.0,
            98.95,
            64.286,
            74.074,
            57.143,
            61.905,
            96.552,
            98.664,
            62.5,
            91.803,
            99.048,
            100.0
         ],
         "mean": [
            68.8573888888889
         ],
         "std": [
            32.978177919714135
         ]
      },