{
   "Train Max Soft Acc": 97.6285290591931,
   "Train Max Hard Acc": 97.58316106891476,
   "Train Min Loss": 0.009174309360484282
}