{
   "Train Max Soft Acc": 92.49661561673277,
   "Train Max Hard Acc": 91.65861819153413,
   "Train Min Loss": 0.0340061504393816
}