{
   "Test soft acc": 36.661622740650124,
   "Test hard acc": 18.272424031855472,
   "Train Max Soft Acc": 98.01161024305554,
   "Train Max Hard Acc": 97.98987203054301,
   "Train Min Loss": 0.006834597093984485
}