{
   "Model size": 636192,
   "Test soft acc": 71.87735341581495,
   "Test hard acc": 76.48525387655823,
   "Train Max Soft Acc": 100.0,
   "Train Max Hard Acc": 100.0,
   "Train Min Loss": 0.001041581225581467
}