{
   "Model size": 581408,
   "Test soft acc": 70.71872571872572,
   "Test hard acc": 76.51172357054712,
   "Train Max Soft Acc": 100.0,
   "Train Max Hard Acc": 100.0,
   "Train Min Loss": 0.0010714485601056368
}