{
   "Model size": 672160,
   "Test soft acc": 73.74708624708624,
   "Test hard acc": 81.0548928195987,
   "Train Max Soft Acc": 90.92926031062193,
   "Train Max Hard Acc": 93.72679957138037,
   "Train Min Loss": 0.048750048875808714
}