{
   "Test soft acc": 75.74469181612038,
   "Test hard acc": 61.86942959001784,
   "Train Max Soft Acc": 87.85249337021243,
   "Train Max Hard Acc": 82.12935647417893,
   "Train Min Loss": 0.005812717693563747
}