{
   "Test soft acc": 85.09585652442796,
   "Test hard acc": 75.45873002880805,
   "Train Max Soft Acc": 91.46303012178204,
   "Train Max Hard Acc": 91.06294284891648,
   "Train Min Loss": 0.0015734687507287354
}