{
   "Test soft acc": 29.911321671525755,
   "Test hard acc": 26.29251700680272,
   "Train Max Soft Acc": 34.59390220352093,
   "Train Max Hard Acc": 27.981996242496365,
   "Train Min Loss": 0.15216404983871862
}