{
   "Train Max Soft Acc": 88.72427388924311,
   "Train Max Hard Acc": 89.5899165956447,
   "Train Min Loss": 0.020196339448115656
}