{
   "Test soft acc": 46.0860058309038,
   "Test hard acc": 62.644557823129254,
   "Train Max Soft Acc": 48.9685572896056,
   "Train Max Hard Acc": 65.67671452995148,
   "Train Min Loss": 0.05799213169436706
}