{
   "Test soft acc": 44.864919423024915,
   "Test hard acc": 23.46198307092724,
   "Train Max Soft Acc": 89.90016656520555,
   "Train Max Hard Acc": 90.99814994288802,
   "Train Min Loss": 0.01648378719321706
}