{
   "Test soft acc": 84.6938775510204,
   "Test hard acc": 74.03833503098208,
   "Train Max Soft Acc": 91.09231392999068,
   "Train Max Hard Acc": 90.82262224802473,
   "Train Min Loss": 0.0015705252360356482
}