{
   "Test soft acc": 74.6266601878847,
   "Test hard acc": 74.28773890508585,
   "Train Max Soft Acc": 78.70378441062331,
   "Train Max Hard Acc": 78.18763479810076,
   "Train Min Loss": 0.017156307340452547
}