{
   "Train Max Soft Acc": 93.98981695542791,
   "Train Max Hard Acc": 95.07040306106418,
   "Train Min Loss": 0.009879719066832746
}