{
   "Train Max Soft Acc": 90.3502393796059,
   "Train Max Hard Acc": 89.84128627412507,
   "Train Min Loss": 0.026646504178643227
}