{
   "Test soft acc": 80.03143681715109,
   "Test hard acc": 61.29325972813365,
   "Train Max Soft Acc": 87.58198950386118,
   "Train Max Hard Acc": 81.61283681362153,
   "Train Min Loss": 0.005332634251221623
}