{
   "Test soft acc": 77.70909362746099,
   "Test hard acc": 68.7459599224305,
   "Train Max Soft Acc": 83.39489038763332,
   "Train Max Hard Acc": 78.01315232812442,
   "Train Min Loss": 0.052095206380870784
}