{
   "F-measure": [
      31.062,
      99.944,
      15.062000000000001,
      100.0,
      99.94800000000001,
      100.0,
      10.606,
      100.0,
      99.97200000000001,
      100.0,
      32.429,
      99.925,
      1.0710000000000002,
      100.0,
      100.0,
      100.0,
      0.22200000000000003,
      99.979,
      100.0,
      100.0,
      100.0,
      81.958,
      100.0,
      99.94800000000001,
      100.0,
      100.0,
      100.0,
      100.0,
      14.371,
      100.0,
      100.0,
      100.0,
      100.0,
      26.134,
      10.522,
      100.0,
      99.978,
      100.0,
      99.98599999999999,
      98.165,
      100.0,
      100.0,
      100.0,
      79.412,
      100.0,
      0.301,
      99.911,
      99.966,
      99.992,
      99.875,
      99.97200000000001,
      100.0,
      100.0,
      78.747
   ],
   "Accuracy": [
      69.53,
      99.98599999999999,
      59.016999999999996,
      100.0,
      99.993,
      100.0,
      71.516,
      100.0,
      99.993,
      100.0,
      69.89,
      99.979,
      79.10199999999999,
      100.0,
      100.0,
      100.0,
      55.433,
      99.98599999999999,
      100.0,
      100.0,
      100.0,
      93.305,
      100.0,
      99.993,
      100.0,
      100.0,
      100.0,
      100.0,
      78.77,
      100.0,
      100.0,
      100.0,
      100.0,
      74.90299999999999,
      71.502,
      100.0,
      99.98599999999999,
      100.0,
      99.993,
      96.988,
      100.0,
      100.0,
      100.0,
      99.703,
      100.0,
      81.265,
      99.98599999999999,
      99.98599999999999,
      99.993,
      99.98599999999999,
      99.993,
      100.0,
      100.0,
      96.451
   ],
   "Runtime": [
      311.9264426231384,
      17.58907961845398,
      312.2912588119507,
      12.913039684295654,
      15.461165189743042,
      15.193193912506104,
      311.7900741100311,
      12.947497606277466,
      17.40505361557007,
      163.71232962608337,
      312.54001688957214,
      14.215819358825684,
      313.36710953712463,
      29.265544891357422,
      15.446037292480469,
      11.737004041671753,
      312.48323464393616,
      19.593448638916016,
      13.376125812530518,
      13.626074314117432,
      19.51711368560791,
      312.53144454956055,
      13.91637659072876,
      16.603212118148804,
      15.25632357597351,
      13.835855484008789,
      13.368595600128174,
      32.781689167022705,
      312.77053809165955,
      13.718773126602173,
      14.251113653182983,
      13.911777257919312,
      13.614360094070435,
      312.61815452575684,
      312.5482106208801,
      13.994788885116577,
      26.946141004562378,
      13.677488088607788,
      19.106549978256226,
      313.3308320045471,
      49.707480669021606,
      26.666646242141724,
      12.916553020477295,
      15.979008913040161,
      13.001451969146729,
      312.0369517803192,
      41.803200244903564,
      22.822788953781128,
      11.764362812042236,
      23.68415904045105,
      18.262417554855347,
      48.26715707778931,
      17.991409301757812,
      312.85354232788086
   ],
   "Prediction": [
      "(¬Atom) ⊓ (¬Bond-7)",
      "Carbon-195 ⊔ Hydrogen-3",
      "Bond ⊔ Carbon-25",
      "¬Bromine-94",
      "∃ inBond.Nitrogen-38",
      "Carbon-195 ⊔ Oxygen",
      "Compound ⊔ (Atom ⊓ (¬Hydrogen))",
      "Hetero_aromatic_6_ring ⊔ Nitrogen-35",
      "Hydrogen-3 ⊔ Oxygen-51",
      "(Carbon ⊔ Hydrogen-3) ⊓ (¬Carbon-22)",
      "(¬Atom) ⊓ (¬Bond-7)",
      "Compound ⊔ Hydrogen-3",
      "Bond-7 ⊔ Carbon-25",
      "Hetero_aromatic_5_ring ⊔ Nitro",
      "Carbon-195 ⊔ Nitrogen-36",
      "Fluorine",
      "Bond ⊔ Carbon-25",
      "∃ inBond.(¬Carbon-22)",
      "Carbon-16 ⊔ Nitro",
      "Carbon_6_ring ⊔ Iodine",
      "Phenanthrene ⊔ (∃ hasAtom.Carbon-195)",
      "(¬Carbon-22) ⊓ (∃ charge.xsd:double[≥ -0.148])",
      "Carbon-25 ⊔ Ring_size_5",
      "∃ inBond.Nitrogen-38",
      "Carbon-194 ⊔ Hydrogen-8",
      "Compound ⊔ Hetero_aromatic_5_ring",
      "Bond ⊓ (¬Bond-7)",
      "Carbon-10 ⊔ Carbon-26",
      "Compound ⊔ (Atom ⊓ (¬Carbon))",
      "Benzene ⊔ Carbon-14",
      "(Compound ⊔ Oxygen) ⊓ (¬Oxygen-45)",
      "Oxygen-45 ⊔ Ring_size_5",
      "Oxygen-42 ⊔ Phenanthrene",
      "Compound ⊔ (Atom ⊓ (¬Carbon-22))",
      "Compound ⊔ (Atom ⊓ (¬Hydrogen))",
      "Carbon_5_aromatic_ring ⊔ Nitrogen",
      "∃ inBond.(Carbon-21 ⊔ Carbon-22)",
      "Carbon-232 ⊔ Compound",
      "Carbon-22 ⊔ Hydrogen-3",
      "(¬Carbon-22) ⊓ (¬Carbon-27)",
      "Sulfur-72 ⊔ (Carbon_5_aromatic_ring ⊔ Carbon_6_ring)",
      "Carbon-29 ⊔ (∃ hasAtom.Carbon-195)",
      "Bond-2 ⊔ Fluorine",
      "(Carbon-14 ⊔ Nitrogen) ⊓ (¬Nitrogen-38)",
      "Carbon-21 ⊔ Nitro",
      "Bond-1 ⊔ Carbon-25",
      "∃ inBond.(Carbon-10 ⊔ Oxygen-40)",
      "∃ inBond.(Hydrogen ⊔ Nitrogen)",
      "Atom",
      "∃ inBond.(Nitrogen-32 ⊔ Oxygen-40)",
      "Carbon-14 ⊔ Hydrogen-3",
      "Sulfur-72 ⊔ (Anthracene ⊔ Carbon_6_ring)",
      "Hydrogen ⊔ Nitrogen-32",
      "Benzene ⊔ (Carbon ⊓ (¬Carbon-22))"
   ],
   "Learned Concept": [
      "Anthracene ⊔ (∃ inBond.Nitrogen-38)",
      "Carbon-195 ⊔ Hydrogen-3 ⊔ Nitrogen-36",
      "Carbon-25 ⊔ (∃ inBond.(Carbon-10 ⊔ Chlorine))",
      "¬Bromine-94",
      "Sulfur-72 ⊔ (∃ inBond.Nitrogen-38)",
      "Carbon-195 ⊔ Oxygen",
      "Carbon-232 ⊔ Nitrogen-35 ⊔ (∃ hasStructure.(¬Nitrogen-38))",
      "Hetero_aromatic_6_ring ⊔ Nitrogen-35",
      "Carbon-232 ⊔ Hydrogen-3 ⊔ Oxygen-51",
      "Hydrogen-3 ⊔ (Carbon ⊓ (¬Carbon-22))",
      "Ball3 ⊔ (∃ inBond.Nitrogen-38)",
      "Hydrogen-3 ⊔ Oxygen-49 ⊔ (∃ hasStructure.(¬Nitrogen-38))",
      "Carbon-25 ⊔ (∃ inBond.(Oxygen-52 ⊔ Sulfur-72))",
      "Hetero_aromatic_5_ring ⊔ Nitro",
      "Carbon-195 ⊔ Nitrogen-36",
      "Fluorine-92",
      "Carbon-25 ⊔ (∃ inBond.(Oxygen-51 ⊔ Sulfur))",
      "Carbon-25 ⊔ (∃ inBond.(¬Carbon-22))",
      "Carbon-16 ⊔ Nitro",
      "Carbon_6_ring ⊔ Iodine",
      "Phenanthrene ⊔ (∃ hasAtom.Carbon-195)",
      "Carbon-21 ⊔ Hydrogen-3 ⊔ Nitrogen-38",
      "Carbon-25 ⊔ Ring_size_5",
      "Carbon-232 ⊔ (∃ inBond.Nitrogen-38)",
      "Carbon-194 ⊔ Hydrogen-8",
      "Compound ⊔ Hetero_aromatic_5_ring",
      "Bond ⊓ (¬Bond-7)",
      "Carbon-10 ⊔ Carbon-26",
      "Bromine-94 ⊔ Hydrogen-8 ⊔ (∃ hasStructure.(¬Nitrogen-38))",
      "Benzene ⊔ Carbon-14",
      "(Oxygen ⊓ (¬Oxygen-45)) ⊔ (∃ hasStructure.(¬Nitrogen-38))",
      "Oxygen-45 ⊔ Ring_size_5",
      "Oxygen-42 ⊔ Phenanthrene",
      "Carbon-27 ⊔ Hydrogen-8 ⊔ (∃ hasStructure.(¬Nitrogen-38))",
      "Carbon-19 ⊔ Oxygen-52 ⊔ (∃ hasStructure.(¬Nitrogen-38))",
      "Carbon_5_aromatic_ring ⊔ Nitrogen",
      "Carbon-25 ⊔ (∃ inBond.(Carbon-21 ⊔ Carbon-22))",
      "Carbon-232 ⊔ Compound",
      "Carbon-22 ⊔ Carbon-230 ⊔ Hydrogen-3",
      "Carbon-195 ⊔ Carbon-21 ⊔ (¬Carbon)",
      "Carbon_5_aromatic_ring ⊔ Carbon_6_ring ⊔ Sulfur-72",
      "Carbon-29 ⊔ (∃ hasAtom.Carbon-195)",
      "Bond-2 ⊔ Fluorine",
      "Carbon-14 ⊔ Nitrogen-32 ⊔ Nitrogen-36",
      "Carbon-21 ⊔ Nitro",
      "Carbon-25 ⊔ (∃ inBond.Bromine-94)",
      "Carbon-25 ⊔ (∃ inBond.(Carbon-10 ⊔ Oxygen-40))",
      "Carbon-25 ⊔ (∃ inBond.(Hydrogen ⊔ Nitrogen))",
      "Atom ⊓ (¬Carbon-19)",
      "Carbon-25 ⊔ (∃ inBond.(Nitrogen-32 ⊔ Oxygen-40))",
      "Carbon-14 ⊔ Carbon-19 ⊔ Hydrogen-3",
      "Anthracene ⊔ Carbon_6_ring ⊔ Sulfur-72",
      "Hydrogen ⊔ Nitrogen-32",
      "Benzene ⊔ Carbon-195 ⊔ Carbon-27"
   ]
}