{
   "F-measure": {
      "mean": 82.95292592592592,
      "std": 33.47560766900771
   },
   "Accuracy": {
      "mean": 94.39311111111112,
      "std": 11.675870737085772
   },
   "Runtime": {
      "mean": 92.46177811534317,
      "std": 125.69416146684819
   }
}