{
   "F-measure": [
      -100.0,
      -100.0,
      -100.0,
      -100.0,
      -100.0,
      -100.0,
      -100.0,
      -100.0,
      -100.0,
      -100.0,
      -100.0,
      -100.0,
      -100.0,
      -100.0,
      -100.0,
      -100.0,
      -100.0,
      -100.0,
      -100.0,
      -100.0,
      -100.0,
      -100.0
   ],
   "Accuracy": [
      0.0,
      0.0,
      0.0,
      0.0,
      0.0,
      0.0,
      0.0,
      0.0,
      0.0,
      0.0,
      0.0,
      0.0,
      0.0,
      0.0,
      0.0,
      0.0,
      0.0,
      0.0,
      0.0,
      0.0,
      0.0,
      0.0
   ],
   "Runtime": [
      300.17659187316895,
      300.2216863632202,
      300.21016669273376,
      300.205527305603,
      300.21418023109436,
      300.1889660358429,
      300.18104434013367,
      300.190541267395,
      300.2065460681915,
      300.17408657073975,
      300.18625926971436,
      300.1331293582916,
      300.1810269355774,
      300.21443033218384,
      300.2029023170471,
      300.18898010253906,
      300.18010807037354,
      317.1409363746643,
      300.19352650642395,
      300.1807885169983,
      300.2128794193268,
      426.9228231906891
   ],
   "Prediction": [
      "None",
      "",
      "None",
      "",
      "None",
      "",
      "None",
      "",
      "None",
      "",
      "None",
      "",
      "None",
      "",
      "None",
      "",
      "None",
      "",
      "None",
      "",
      "None",
      "",
      "None",
      "",
      "None",
      "",
      "None",
      "",
      "None",
      "",
      "None",
      "",
      "None",
      "",
      "None",
      "",
      "None",
      "",
      "None",
      "",
      "None",
      "",
      "None",
      ""
   ],
   "Length": [
      0,
      0,
      0,
      0,
      0,
      0,
      0,
      0,
      0,
      0,
      0,
      0,
      0,
      0,
      0,
      0,
      0,
      0,
      0,
      0,
      0,
      0
   ],
   "Learned Concept": [
      "Carbon-19 ⊔ Carbon-28 ⊔ (∃ hasAtom.⊤)",
      "Bond-3 ⊔ Carbon-27",
      "Carbon-195 ⊔ Nitrogen-38 ⊔ (¬Bond-2)",
      "Carbon-26 ⊔ Oxygen-50",
      "Chlorine ⊔ Iodine-95",
      "Carbon-14 ⊔ (∃ hasAtom.Nitrogen-31)",
      "Carbon-16 ⊔ (∃ hasAtom.Oxygen-42)",
      "Nitrogen-36 ⊔ (∃ hasAtom.Sulfur)",
      "Nitrogen-35 ⊔ Oxygen-50",
      "Carbon-230 ⊔ Carbon-27 ⊔ (∃ hasAtom.⊤)",
      "Bond-2 ⊔ Carbon_6_ring",
      "Bond-4 ⊔ (∃ hasAtom.Nitrogen-31)",
      "Iodine ⊔ Methyl",
      "Carbon-28 ⊔ Oxygen-41",
      "Carbon-28 ⊔ Ring_size_5",
      "Bond-5 ⊔ Iodine",
      "Carbon-21",
      "Compound ⊔ (∃ inBond.Sulfur)",
      "Hydrogen-8 ⊔ (∃ hasAtom.Nitrogen-31)",
      "Carbon-27 ⊔ (∃ hasAtom.Nitrogen-31)",
      "Carbon-230 ⊔ Oxygen-45",
      "Carbon-14 ⊔ Carbon-22"
   ]
}