{
   "F-measure": [
      0.0,
      0.0,
      0.0,
      0.0,
      0.0,
      0.0,
      0.0,
      0.0,
      0.0,
      0.0,
      0.0,
      0.0,
      0.0,
      0.0,
      0.0,
      0.0,
      0.0,
      0.0,
      0.0,
      0.0,
      0.0,
      0.0,
      0.0,
      0.0,
      0.0,
      0.0,
      0.0,
      0.0,
      0.0,
      0.0,
      0.0,
      0.0,
      0.0,
      0.0,
      0.0,
      0.0,
      0.0,
      0.0,
      0.0,
      0.0,
      0.0,
      0.0,
      0.0,
      0.0,
      0.0,
      0.0,
      0.0,
      0.0,
      0.0,
      0.0,
      0.0,
      0.0,
      0.0,
      0.0,
      0.0,
      0.0,
      0.0,
      0.7567090628218331,
      0.0,
      0.0,
      0.0,
      0.0,
      0.0,
      0.0,
      0.0,
      0.0,
      0.0,
      0.0,
      0.0,
      0.0,
      0.0,
      0.0,
      0.0,
      0.0,
      0.0,
      0.0,
      0.0,
      0.0,
      0.0,
      0.0,
      0.0,
      0.0,
      0.0,
      0.0,
      0.0,
      0.0,
      0.0,
      0.0,
      0.0,
      0.0,
      0.0,
      0.0,
      0.0,
      0.0,
      0.0,
      0.0,
      0.0,
      0.0,
      0.0,
      0.0,
      0.0,
      0.0,
      0.0,
      0.0,
      0.0,
      0.0,
      0.0,
      0.0,
      0.0,
      0.0,
      0.0,
      0.0,
      0.0,
      0.0,
      0.0,
      0.0,
      0.0,
      0.0,
      0.0,
      0.0,
      0.0,
      0.0,
      0.0,
      0.0,
      0.0,
      0.0,
      0.0,
      0.0,
      0.0,
      0.0,
      0.0,
      0.0,
      0.0,
      0.0,
      0.0,
      0.0,
      0.0,
      0.0,
      0.0,
      0.0,
      0.0,
      0.0,
      0.0,
      0.0,
      0.0,
      0.0,
      0.0,
      0.0,
      0.0,
      0.0,
      0.0,
      0.0,
      0.0,
      0.0,
      0.0,
      0.7544366632337796,
      0.0,
      0.0,
      0.0,
      0.0,
      0.0,
      0.0,
      0.0,
      0.0,
      0.0,
      0.0,
      0.0,
      0.0,
      0.0,
      0.0,
      0.0,
      0.0,
      0.0,
      0.0,
      0.0,
      0.0,
      0.0,
      0.0,
      0.0,
      0.0,
      0.0,
      0.0,
      0.0,
      0.0,
      0.0,
      0.0,
      0.0,
      0.0,
      0.0,
      0.0,
      0.0,
      0.0,
      0.0,
      0.0,
      0.0,
      0.0,
      0.0,
      0.0,
      0.0,
      0.0
   ],
   "Runtime": [
      239.011,
      250.339,
      253.961,
      243.706,
      296.065,
      248.402,
      242.348,
      313.909,
      255.674,
      265.222,
      286.921,
      251.932,
      247.75,
      283.289,
      283.149,
      245.638,
      301.1,
      313.743,
      254.523,
      248.6,
      243.36,
      238.606,
      243.596,
      241.306,
      246.716,
      262.654,
      238.702,
      240.768,
      249.907,
      273.376,
      269.179,
      247.291,
      246.546,
      256.903,
      257.719,
      254.121,
      247.687,
      235.059,
      242.872,
      241.465,
      258.976,
      327.863,
      240.691,
      259.787,
      239.648,
      294.616,
      270.064,
      250.973,
      244.225,
      275.992,
      274.245,
      248.646,
      248.865,
      258.368,
      251.365,
      368.402,
      245.862,
      236.231,
      270.134,
      276.072,
      243.45,
      280.5,
      271.621,
      250.918,
      249.609,
      240.439,
      251.521,
      253.344,
      240.834,
      256.718,
      247.732,
      260.438,
      242.253,
      256.451,
      307.695,
      259.509,
      255.501,
      238.101,
      249.87,
      260.281,
      248.288,
      264.482,
      260.04,
      239.626,
      241.855,
      248.247,
      287.301,
      309.548,
      269.42,
      251.16,
      238.089,
      302.86,
      246.064,
      282.76,
      259.201,
      246.212,
      310.22,
      251.632,
      241.059,
      300.623,
      247.806,
      259.054,
      237.261,
      271.715,
      243.618,
      238.912,
      253.835,
      273.37,
      242.065,
      245.768,
      247.328,
      237.645,
      250.539,
      273.276,
      257.797,
      241.809,
      239.328,
      328.86,
      261.67,
      256.206,
      250.704,
      324.713,
      290.928,
      244.567,
      254.096,
      331.159,
      247.662,
      244.458,
      251.904,
      237.797,
      331.078,
      342.272,
      324.403,
      238.473,
      241.85,
      261.309,
      251.986,
      252.539,
      298.311,
      254.245,
      257.993,
      306.888,
      262.533,
      252.488,
      261.402,
      282.0,
      255.158,
      294.624,
      248.725,
      285.266,
      339.341,
      424.944,
      264.315,
      245.715,
      251.239,
      243.866,
      339.92,
      256.135,
      251.259,
      250.851,
      242.668,
      284.26,
      245.905,
      248.249,
      256.309,
      247.767,
      249.67,
      238.406,
      245.936,
      317.392,
      259.423,
      249.138,
      269.19,
      325.975,
      251.235,
      257.41,
      246.644,
      251.756,
      277.786,
      276.522,
      302.5,
      260.026,
      237.702,
      292.424,
      255.684,
      271.245,
      252.403,
      244.653,
      269.116,
      277.794,
      257.276,
      301.739,
      265.159,
      269.699,
      328.968,
      246.909,
      243.724,
      259.282,
      241.689,
      336.759
   ]
}