{
   "F-measure": {
      "mean": 0.708271,
      "std": 0.33848141035956464
   },
   "Accuracy": {
      "mean": 0.950961,
      "std": 0.08987622254523162
   },
   "Runtime": {
      "mean": 221.26230499999997,
      "std": 125.85891518915923
   },
   "Length": {
      "mean": 4.23,
      "std": 1.920182283013777
   }
}