{
   "F-measure": {
      "mean": 33.05772727272727,
      "std": 31.216795877134967
   },
   "Accuracy": {
      "mean": 37.55909090909091,
      "std": 31.323729881976195
   },
   "Runtime": {
      "mean": 13.510463627901943,
      "std": 0.6895297974886051
   },
   "Length": {
      "mean": 1.0,
      "std": 0.0
   }
}