{
   "F-measure": {
      "mean": 96.43045454545455,
      "std": 15.814384268550844
   },
   "Accuracy": {
      "mean": 99.79545454545455,
      "std": 0.6553814106216543
   },
   "Runtime": {
      "mean": 46.065590909090915,
      "std": 84.50827622388616
   },
   "Length": {
      "mean": 3.8636363636363638,
      "std": 1.4861620658428922
   }
}