{
   "F-measure": {
      "mean": 0.2636726747518218,
      "std": 0.3545367093883189
   },
   "Runtime": {
      "mean": 20.142818181818186,
      "std": 5.9825489751166625
   }
}