{
   "F-measure": {
      "mean": 0.117168,
      "std": 0.20756307180228376
   },
   "Accuracy": {
      "mean": 0.3639245,
      "std": 0.3519948514534694
   },
   "Runtime": {
      "mean": 23.816380192041397,
      "std": 15.374694001837165
   },
   "Length": {
      "mean": 1.06,
      "std": 0.48620983124572864
   }
}