{
   "F-measure": {
      "mean": -100.0,
      "std": 0.0
   },
   "Accuracy": {
      "mean": 0.0,
      "std": 0.0
   },
   "Runtime": {
      "mean": 306.72305123372513,
      "std": 26.465735883794473
   },
   "Length": {
      "mean": 0.0,
      "std": 0.0
   }
}