{
   "F-measure": [
      0.7712158531124048,
      0.6878699279754689,
      0.6805,
      0.0,
      0.0,
      0.0,
      0.0,
      0.0,
      0.0,
      0.5096274509803922,
      0.8541019786910198,
      0.0,
      0.0,
      0.0,
      0.0,
      0.0,
      0.0,
      0.8596137058053253,
      0.0,
      0.6878699279754689,
      0.0,
      0.75
   ],
   "Runtime": [
      17.038,
      32.396,
      26.84,
      14.976,
      20.518,
      14.379,
      16.005,
      20.425,
      15.273,
      25.871,
      14.388,
      22.65,
      21.561,
      14.801,
      13.505,
      22.91,
      17.341,
      18.165,
      14.923,
      28.297,
      16.338,
      34.542
   ]
}