{"F-measure": {"mean": 95.17936363636363, "std": 6.1861641995773295}, "Accuracy": {"mean": 99.91831818181818, "std": 0.13920892943003838}, "Runtime": {"mean": 27.24702739715576, "std": 14.645693031049698}}