{
   "F-measure": {
      "mean": 0.0075557286302780635,
      "std": 0.07517863651201499
   },
   "Runtime": {
      "mean": 264.36491,
      "std": 28.615329278585982
   }
}