{"F-measure": [43.75, 54.97, 74.05, 28.52, 14.16, 5.07, 5.26, 0.6, 11.26, 66.67, 66.67, 1.39, 5.83, 20.83, 23.94, 1.39, 100.0, 37.66, 4.11, 54.97, 9.27, 96.9], "Accuracy": [28.0, 37.9, 74.7, 62.9, 60.0, 2.6, 2.7, 0.3, 60.6, 50.0, 50.0, 0.7, 3.0, 59.7, 13.6, 0.7, 100.0, 23.2, 2.1, 37.9, 58.9, 96.8], "Runtime": [12.718657493591309, 13.477419376373291, 14.316351175308228, 13.63202977180481, 14.497088432312012, 12.875260829925537, 14.844207048416138, 13.964915752410889, 13.025592565536499, 14.64168119430542, 12.986825466156006, 13.517746925354004, 12.57255244255066, 13.730404138565063, 12.50394058227539, 13.252769231796265, 14.065773487091064, 13.207773447036743, 12.663480043411255, 12.920092344284058, 13.570849895477295, 14.24478816986084], "Prediction": ["\u22a4", "\u22a4", "Atom", "Atom", "Atom", "\u22a4", "\u22a4", "\u22a4", "Atom", "\u22a4", "\u22a4", "\u22a4", "\u22a4", "Atom", "\u22a4", "\u22a4", "Carbon-21", "\u22a4", "\u22a4", "\u22a4", "Atom", "Carbon"], "Length": [1, 1, 1, 1, 1, 1, 1, 1, 1, 1, 1, 1, 1, 1, 1, 1, 1, 1, 1, 1, 1, 1], "Learned Concept": ["Carbon-19 \u2294 Carbon-28 \u2294 (\u2203 hasAtom.\u22a4)", "Bond-3 \u2294 Carbon-27", "Carbon-195 \u2294 Nitrogen-38 \u2294 (\u00acBond-2)", "Carbon-26 \u2294 Oxygen-50", "Chlorine \u2294 Iodine-95", "Carbon-14 \u2294 (\u2203 hasAtom.Nitrogen-31)", "Carbon-16 \u2294 (\u2203 hasAtom.Oxygen-42)", "Nitrogen-36 \u2294 (\u2203 hasAtom.Sulfur)", "Nitrogen-35 \u2294 Oxygen-50", "Carbon-230 \u2294 Carbon-27 \u2294 (\u2203 hasAtom.\u22a4)", "Bond-2 \u2294 Carbon_6_ring", "Bond-4 \u2294 (\u2203 hasAtom.Nitrogen-31)", "Iodine \u2294 Methyl", "Carbon-28 \u2294 Oxygen-41", "Carbon-28 \u2294 Ring_size_5", "Bond-5 \u2294 Iodine", "Carbon-21", "Compound \u2294 (\u2203 inBond.Sulfur)", "Hydrogen-8 \u2294 (\u2203 hasAtom.Nitrogen-31)", "Carbon-27 \u2294 (\u2203 hasAtom.Nitrogen-31)", "Carbon-230 \u2294 Oxygen-45", "Carbon-14 \u2294 Carbon-22"]}