{
   "F-measure": [
      99.821,
      99.868,
      91.379,
      87.023,
      98.462,
      98.039,
      98.113,
      80.0,
      100.0,
      99.91799999999999,
      97.82300000000001,
      92.308,
      98.30499999999999,
      96.078,
      78.027,
      92.308,
      100.0,
      100.0,
      97.56099999999999,
      91.99000000000001,
      97.56099999999999,
      99.362
   ],
   "Accuracy": [
      99.993,
      99.993,
      99.587,
      99.88,
      99.993,
      99.993,
      99.993,
      99.993,
      100.0,
      99.993,
      99.798,
      99.993,
      99.993,
      99.97200000000001,
      99.657,
      99.993,
      100.0,
      100.0,
      99.993,
      99.548,
      99.993,
      99.845
   ],
   "Runtime": [
      6.058629035949707,
      66.41717267036438,
      45.29332375526428,
      28.152719259262085,
      26.104149341583252,
      27.575955390930176,
      27.422403812408447,
      27.65744709968567,
      0.47478556632995605,
      36.391173124313354,
      34.59406638145447,
      30.16434645652771,
      30.024609327316284,
      29.29953956604004,
      30.75141143798828,
      31.516782522201538,
      0.5221865177154541,
      21.353554248809814,
      30.901763200759888,
      1.8499410152435303,
      30.463469743728638,
      36.445173263549805
   ],
   "Prediction": [
      "Carbon-28 ⊔ Compound",
      "Carbon-27 ⊓ Carbon-27",
      "∃ charge.xsd:double[≥ 0.567]",
      "Carbon-26 ⊓ Carbon-26",
      "Chlorine-93 ⊓ Chlorine-93",
      "Carbon-14 ⊓ Carbon-14",
      "Carbon-16 ⊓ Carbon-16",
      "Nitrogen-36 ⊓ Nitrogen-36",
      "Oxygen-50 ⊔ Nitrogen-35",
      "Carbon-27 ⊔ Compound",
      "Bond-2 ⊓ Bond-2",
      "Bond-4 ⊓ Bond-4",
      "Methyl",
      "Carbon-28 ⊓ Carbon-28",
      "Ring_size_5",
      "Bond-5 ⊓ Bond-5",
      "Carbon-21 ⊓ Carbon-21",
      "Compound ⊔ (∃ inBond.Sulfur)",
      "Hydrogen-8 ⊓ Hydrogen-8",
      "(∃ act.xsd:double[≥ 2.15]) ⊔ Carbon-27",
      "Oxygen-45 ⊓ Oxygen-45",
      "Carbon-22 ⊓ Carbon-22"
   ],
   "Length": [],
   "Learned Concept": [
      "Carbon-19 ⊔ Carbon-28 ⊔ (∃ hasAtom.⊤)",
      "Bond-3 ⊔ Carbon-27",
      "Carbon-195 ⊔ Nitrogen-38 ⊔ (¬Bond-2)",
      "Carbon-26 ⊔ Oxygen-50",
      "Chlorine ⊔ Iodine-95",
      "Carbon-14 ⊔ (∃ hasAtom.Nitrogen-31)",
      "Carbon-16 ⊔ (∃ hasAtom.Oxygen-42)",
      "Nitrogen-36 ⊔ (∃ hasAtom.Sulfur)",
      "Nitrogen-35 ⊔ Oxygen-50",
      "Carbon-230 ⊔ Carbon-27 ⊔ (∃ hasAtom.⊤)",
      "Bond-2 ⊔ Carbon_6_ring",
      "Bond-4 ⊔ (∃ hasAtom.Nitrogen-31)",
      "Iodine ⊔ Methyl",
      "Carbon-28 ⊔ Oxygen-41",
      "Carbon-28 ⊔ Ring_size_5",
      "Bond-5 ⊔ Iodine",
      "Carbon-21",
      "Compound ⊔ (∃ inBond.Sulfur)",
      "Hydrogen-8 ⊔ (∃ hasAtom.Nitrogen-31)",
      "Carbon-27 ⊔ (∃ hasAtom.Nitrogen-31)",
      "Carbon-230 ⊔ Oxygen-45",
      "Carbon-14 ⊔ Carbon-22"
   ]
}