{
   "F-measure": [
      12.847,
      46.83,
      7.013,
      99.173,
      12.649,
      22.442999999999998,
      3.3230000000000004,
      0.22599999999999998,
      46.009,
      62.515,
      13.477,
      93.782,
      0.22599999999999998,
      33.463,
      0.634,
      0.212,
      0.099,
      50.775000000000006,
      96.073,
      0.437,
      0.985,
      53.474,
      1.2510000000000001,
      12.649,
      0.367,
      3.5549999999999997,
      38.195,
      2.651,
      3.501,
      45.324999999999996,
      84.511,
      1.502,
      0.733,
      12.205,
      3.2960000000000003,
      98.695,
      48.506,
      3.2140000000000004,
      77.183,
      99.47500000000001,
      0.592,
      2.016,
      9.289,
      1.139,
      5.42,
      0.056999999999999995,
      14.795,
      34.851,
      58.818000000000005,
      10.757,
      46.45,
      0.676,
      48.949,
      38.531
   ],
   "Accuracy": [
      6.865,
      71.071,
      3.634,
      98.36,
      6.752,
      63.598,
      1.69,
      0.11299999999999999,
      70.781,
      77.278,
      7.225,
      98.35300000000001,
      0.11299999999999999,
      90.32900000000001,
      0.318,
      0.106,
      0.049,
      34.026,
      99.816,
      0.219,
      0.49500000000000005,
      73.538,
      0.629,
      6.752,
      0.184,
      1.81,
      23.605999999999998,
      1.343,
      1.7819999999999998,
      91.318,
      98.233,
      0.756,
      0.368,
      59.519,
      1.6760000000000002,
      99.922,
      32.018,
      1.633,
      84.517,
      99.15899999999999,
      0.297,
      1.018,
      4.871,
      0.573,
      2.785,
      0.027999999999999997,
      7.989,
      21.102999999999998,
      41.661,
      5.684,
      70.937,
      0.33899999999999997,
      71.83500000000001,
      88.519
   ],
   "Runtime": [
      14.112,
      22.618,
      14.58,
      18.575,
      12.591,
      28.857,
      14.35,
      22.388,
      26.364,
      22.317,
      9.886,
      23.381,
      14.825,
      23.148,
      21.283,
      19.304,
      17.969,
      14.12,
      21.831,
      17.258,
      14.048,
      26.493,
      17.456,
      10.685,
      15.176,
      15.929,
      14.586,
      25.594,
      12.844,
      21.848,
      25.267,
      13.119,
      18.085,
      22.123,
      17.09,
      23.917,
      13.501,
      15.144,
      23.587,
      15.568,
      17.075,
      11.938,
      12.615,
      11.009,
      23.081,
      14.751,
      15.092,
      14.209,
      16.469,
      9.722,
      26.336,
      18.798,
      21.371,
      23.905
   ],
   "Prediction": [
      "(¬Bond-7) ⊔ Bond ⊔ (¬Atom)",
      "Atom",
      "(¬Bond-7) ⊔ Bond ⊔ (¬Atom)",
      "RingStructure ⊔ Atom ⊔ Bond",
      "(¬Bond-7) ⊔ Bond ⊔ (¬Atom)",
      "Atom",
      "Compound ⊔ (¬Bond) ⊔ (¬Atom)",
      "(¬Bond) ⊔ (¬RingStructure) ⊔ (¬Atom)",
      "Atom",
      "Atom",
      "(¬Bond-7) ⊔ Bond ⊔ (¬Atom)",
      "Hydrogen-3",
      "(¬Bond) ⊔ (¬RingStructure) ⊔ (¬Atom)",
      "RingStructure",
      "(¬Bond) ⊔ (¬RingStructure) ⊔ (¬Atom)",
      "(¬Bond) ⊔ (¬RingStructure) ⊔ (¬Atom)",
      "(¬Bond) ⊔ (¬RingStructure) ⊔ (¬Atom)",
      "(¬RingStructure) ⊔ Bond ⊔ (¬Atom)",
      "Nitro",
      "(¬Bond) ⊔ (¬RingStructure) ⊔ (¬Atom)",
      "(¬Bond) ⊔ (¬RingStructure) ⊔ (¬Atom)",
      "Atom",
      "(¬Bond) ⊔ (¬RingStructure) ⊔ (¬Atom)",
      "(¬Bond-7) ⊔ Bond ⊔ (¬Atom)",
      "(¬Bond) ⊔ (¬RingStructure) ⊔ (¬Atom)",
      "Compound ⊔ (¬Bond) ⊔ (¬Atom)",
      "(¬Bond-7) ⊔ Bond ⊔ (¬Atom)",
      "Carbon ⊔ (¬Bond) ⊔ (¬Atom)",
      "Compound ⊔ (¬Bond) ⊔ (¬Atom)",
      "RingStructure",
      "Oxygen",
      "(¬Bond) ⊔ (¬RingStructure) ⊔ (¬Atom)",
      "(¬Bond) ⊔ (¬RingStructure) ⊔ (¬Atom)",
      "Atom",
      "Compound ⊔ (¬Bond) ⊔ (¬Atom)",
      "Nitrogen",
      "(¬RingStructure) ⊔ Bond ⊔ (¬Atom)",
      "Compound ⊔ (¬Bond) ⊔ (¬Atom)",
      "Atom",
      "(¬Carbon) ⊔ RingStructure ⊔ Bond",
      "(¬Bond) ⊔ (¬RingStructure) ⊔ (¬Atom)",
      "Carbon-29 ⊔ (¬Bond) ⊔ (¬Atom)",
      "(¬Bond-1) ⊔ Bond ⊔ (¬Atom)",
      "(¬Bond) ⊔ (¬RingStructure) ⊔ (¬Atom)",
      "(¬Bond) ⊔ Nitro ⊔ (¬Atom)",
      "(¬Bond) ⊔ (¬RingStructure) ⊔ (¬Atom)",
      "(¬Bond-7) ⊔ Bond ⊔ (¬Atom)",
      "(¬Bond-7) ⊔ Bond ⊔ (¬Atom)",
      "(¬Bond) ⊔ (¬RingStructure) ⊔ Atom",
      "(¬Bond-7) ⊔ Bond ⊔ (¬Atom)",
      "Atom",
      "(¬Bond) ⊔ (¬RingStructure) ⊔ (¬Atom)",
      "Atom",
      "RingStructure"
   ],
   "Learned Concept": [
      "Anthracene ⊔ (∃ inBond.Nitrogen-38)",
      "Carbon-195 ⊔ Hydrogen-3 ⊔ Nitrogen-36",
      "Carbon-25 ⊔ (∃ inBond.(Carbon-10 ⊔ Chlorine))",
      "¬Bromine-94",
      "Sulfur-72 ⊔ (∃ inBond.Nitrogen-38)",
      "Carbon-195 ⊔ Oxygen",
      "Carbon-232 ⊔ Nitrogen-35 ⊔ (∃ hasStructure.(¬Nitrogen-38))",
      "Hetero_aromatic_6_ring ⊔ Nitrogen-35",
      "Carbon-232 ⊔ Hydrogen-3 ⊔ Oxygen-51",
      "Hydrogen-3 ⊔ (Carbon ⊓ (¬Carbon-22))",
      "Ball3 ⊔ (∃ inBond.Nitrogen-38)",
      "Hydrogen-3 ⊔ Oxygen-49 ⊔ (∃ hasStructure.(¬Nitrogen-38))",
      "Carbon-25 ⊔ (∃ inBond.(Oxygen-52 ⊔ Sulfur-72))",
      "Hetero_aromatic_5_ring ⊔ Nitro",
      "Carbon-195 ⊔ Nitrogen-36",
      "Fluorine-92",
      "Carbon-25 ⊔ (∃ inBond.(Oxygen-51 ⊔ Sulfur))",
      "Carbon-25 ⊔ (∃ inBond.(¬Carbon-22))",
      "Carbon-16 ⊔ Nitro",
      "Carbon_6_ring ⊔ Iodine",
      "Phenanthrene ⊔ (∃ hasAtom.Carbon-195)",
      "Carbon-21 ⊔ Hydrogen-3 ⊔ Nitrogen-38",
      "Carbon-25 ⊔ Ring_size_5",
      "Carbon-232 ⊔ (∃ inBond.Nitrogen-38)",
      "Carbon-194 ⊔ Hydrogen-8",
      "Compound ⊔ Hetero_aromatic_5_ring",
      "Bond ⊓ (¬Bond-7)",
      "Carbon-10 ⊔ Carbon-26",
      "Bromine-94 ⊔ Hydrogen-8 ⊔ (∃ hasStructure.(¬Nitrogen-38))",
      "Benzene ⊔ Carbon-14",
      "(Oxygen ⊓ (¬Oxygen-45)) ⊔ (∃ hasStructure.(¬Nitrogen-38))",
      "Oxygen-45 ⊔ Ring_size_5",
      "Oxygen-42 ⊔ Phenanthrene",
      "Carbon-27 ⊔ Hydrogen-8 ⊔ (∃ hasStructure.(¬Nitrogen-38))",
      "Carbon-19 ⊔ Oxygen-52 ⊔ (∃ hasStructure.(¬Nitrogen-38))",
      "Carbon_5_aromatic_ring ⊔ Nitrogen",
      "Carbon-25 ⊔ (∃ inBond.(Carbon-21 ⊔ Carbon-22))",
      "Carbon-232 ⊔ Compound",
      "Carbon-22 ⊔ Carbon-230 ⊔ Hydrogen-3",
      "Carbon-195 ⊔ Carbon-21 ⊔ (¬Carbon)",
      "Carbon_5_aromatic_ring ⊔ Carbon_6_ring ⊔ Sulfur-72",
      "Carbon-29 ⊔ (∃ hasAtom.Carbon-195)",
      "Bond-2 ⊔ Fluorine",
      "Carbon-14 ⊔ Nitrogen-32 ⊔ Nitrogen-36",
      "Carbon-21 ⊔ Nitro",
      "Carbon-25 ⊔ (∃ inBond.Bromine-94)",
      "Carbon-25 ⊔ (∃ inBond.(Carbon-10 ⊔ Oxygen-40))",
      "Carbon-25 ⊔ (∃ inBond.(Hydrogen ⊔ Nitrogen))",
      "Atom ⊓ (¬Carbon-19)",
      "Carbon-25 ⊔ (∃ inBond.(Nitrogen-32 ⊔ Oxygen-40))",
      "Carbon-14 ⊔ Carbon-19 ⊔ Hydrogen-3",
      "Anthracene ⊔ Carbon_6_ring ⊔ Sulfur-72",
      "Hydrogen ⊔ Nitrogen-32",
      "Benzene ⊔ Carbon-195 ⊔ Carbon-27"
   ]
}