{
   "F-measure": {
      "mean": 27.144796296296295,
      "std": 31.638996820836073
   },
   "Accuracy": {
      "mean": 31.99246296296296,
      "std": 38.36410801522934
   },
   "Runtime": {
      "mean": 18.114592592592594,
      "std": 4.928454511411893
   }
}