{
   "F-measure": [
      12.847,
      46.83,
      7.013,
      99.993,
      99.94800000000001,
      22.442999999999998,
      3.3230000000000004,
      0.22599999999999998,
      46.009,
      62.515,
      13.477,
      24.667,
      0.22599999999999998,
      33.463,
      1.5150000000000001,
      100.0,
      0.099,
      86.51299999999999,
      4.748,
      0.437,
      0.985,
      53.474,
      1.2510000000000001,
      99.94800000000001,
      0.878,
      3.5549999999999997,
      69.216,
      12.422,
      3.501,
      7.276000000000001,
      12.113999999999999,
      1.502,
      0.733,
      8.502,
      3.2960000000000003,
      5.861000000000001,
      89.75,
      3.2140000000000004,
      77.183,
      89.23299999999999,
      0.592,
      2.016,
      9.289,
      2.711,
      5.42,
      0.056999999999999995,
      30.326999999999998,
      64.19200000000001,
      99.992,
      22.55,
      46.45,
      0.676,
      48.949,
      12.338000000000001
   ],
   "Accuracy": [
      6.865,
      71.071,
      3.634,
      99.98599999999999,
      99.993,
      63.598,
      1.69,
      0.11299999999999999,
      70.781,
      77.278,
      7.225,
      14.069,
      0.11299999999999999,
      90.32900000000001,
      58.650000000000006,
      100.0,
      0.049,
      89.396,
      2.432,
      0.219,
      0.49500000000000005,
      73.538,
      0.629,
      99.993,
      58.51499999999999,
      1.81,
      79.003,
      81.06,
      1.7819999999999998,
      3.775,
      6.4479999999999995,
      0.756,
      0.368,
      4.44,
      1.6760000000000002,
      3.019,
      92.69,
      1.633,
      84.517,
      80.559,
      0.297,
      1.018,
      4.871,
      58.904,
      2.785,
      0.027999999999999997,
      63.358000000000004,
      76.472,
      99.993,
      61.053000000000004,
      70.937,
      0.33899999999999997,
      71.83500000000001,
      6.575
   ],
   "Runtime": [
      11.84091067314148,
      12.493204116821289,
      12.05960202217102,
      12.402246475219727,
      15.045987606048584,
      12.50309443473816,
      12.07981824874878,
      13.786560297012329,
      12.294130086898804,
      13.287818670272827,
      12.55606460571289,
      12.671729803085327,
      12.131255388259888,
      12.727111339569092,
      12.216692686080933,
      12.650221824645996,
      12.446796655654907,
      21.211360692977905,
      12.38822865486145,
      11.982157945632935,
      11.903551578521729,
      12.819618701934814,
      12.170732975006104,
      14.765715599060059,
      12.648661136627197,
      12.979916334152222,
      20.03843641281128,
      12.965303659439087,
      12.544228792190552,
      12.300315380096436,
      13.04516863822937,
      12.591489791870117,
      12.353022813796997,
      13.112422466278076,
      13.169060707092285,
      12.68922233581543,
      104.30139255523682,
      11.899508714675903,
      13.114261150360107,
      12.275064945220947,
      12.026473760604858,
      12.259629011154175,
      13.300271034240723,
      13.143135786056519,
      12.735799312591553,
      12.457425594329834,
      20.86549210548401,
      21.17646074295044,
      13.528085947036743,
      22.505815744400024,
      13.888187885284424,
      11.594660520553589,
      13.346769094467163,
      12.766637802124023
   ],
   "Prediction": [
      "⊤",
      "Atom",
      "⊤",
      "⊤",
      "∃ inBond.Nitrogen-38",
      "Atom",
      "⊤",
      "⊤",
      "Atom",
      "Atom",
      "⊤",
      "⊤",
      "⊤",
      "RingStructure",
      "Atom",
      "Fluorine",
      "⊤",
      "Bond",
      "⊤",
      "⊤",
      "⊤",
      "Atom",
      "⊤",
      "∃ inBond.Nitrogen-38",
      "Atom",
      "⊤",
      "Bond",
      "Carbon",
      "⊤",
      "⊤",
      "⊤",
      "⊤",
      "⊤",
      "⊤",
      "⊤",
      "⊤",
      "∃ inBond.Carbon",
      "⊤",
      "Atom",
      "⊤",
      "⊤",
      "⊤",
      "⊤",
      "Atom",
      "⊤",
      "⊤",
      "Bond",
      "Bond",
      "Atom",
      "Bond",
      "Atom",
      "⊤",
      "Atom",
      "⊤"
   ],
   "Learned Concept": [
      "Anthracene ⊔ (∃ inBond.Nitrogen-38)",
      "Carbon-195 ⊔ Hydrogen-3 ⊔ Nitrogen-36",
      "Carbon-25 ⊔ (∃ inBond.(Carbon-10 ⊔ Chlorine))",
      "¬Bromine-94",
      "Sulfur-72 ⊔ (∃ inBond.Nitrogen-38)",
      "Carbon-195 ⊔ Oxygen",
      "Carbon-232 ⊔ Nitrogen-35 ⊔ (∃ hasStructure.(¬Nitrogen-38))",
      "Hetero_aromatic_6_ring ⊔ Nitrogen-35",
      "Carbon-232 ⊔ Hydrogen-3 ⊔ Oxygen-51",
      "Hydrogen-3 ⊔ (Carbon ⊓ (¬Carbon-22))",
      "Ball3 ⊔ (∃ inBond.Nitrogen-38)",
      "Hydrogen-3 ⊔ Oxygen-49 ⊔ (∃ hasStructure.(¬Nitrogen-38))",
      "Carbon-25 ⊔ (∃ inBond.(Oxygen-52 ⊔ Sulfur-72))",
      "Hetero_aromatic_5_ring ⊔ Nitro",
      "Carbon-195 ⊔ Nitrogen-36",
      "Fluorine-92",
      "Carbon-25 ⊔ (∃ inBond.(Oxygen-51 ⊔ Sulfur))",
      "Carbon-25 ⊔ (∃ inBond.(¬Carbon-22))",
      "Carbon-16 ⊔ Nitro",
      "Carbon_6_ring ⊔ Iodine",
      "Phenanthrene ⊔ (∃ hasAtom.Carbon-195)",
      "Carbon-21 ⊔ Hydrogen-3 ⊔ Nitrogen-38",
      "Carbon-25 ⊔ Ring_size_5",
      "Carbon-232 ⊔ (∃ inBond.Nitrogen-38)",
      "Carbon-194 ⊔ Hydrogen-8",
      "Compound ⊔ Hetero_aromatic_5_ring",
      "Bond ⊓ (¬Bond-7)",
      "Carbon-10 ⊔ Carbon-26",
      "Bromine-94 ⊔ Hydrogen-8 ⊔ (∃ hasStructure.(¬Nitrogen-38))",
      "Benzene ⊔ Carbon-14",
      "(Oxygen ⊓ (¬Oxygen-45)) ⊔ (∃ hasStructure.(¬Nitrogen-38))",
      "Oxygen-45 ⊔ Ring_size_5",
      "Oxygen-42 ⊔ Phenanthrene",
      "Carbon-27 ⊔ Hydrogen-8 ⊔ (∃ hasStructure.(¬Nitrogen-38))",
      "Carbon-19 ⊔ Oxygen-52 ⊔ (∃ hasStructure.(¬Nitrogen-38))",
      "Carbon_5_aromatic_ring ⊔ Nitrogen",
      "Carbon-25 ⊔ (∃ inBond.(Carbon-21 ⊔ Carbon-22))",
      "Carbon-232 ⊔ Compound",
      "Carbon-22 ⊔ Carbon-230 ⊔ Hydrogen-3",
      "Carbon-195 ⊔ Carbon-21 ⊔ (¬Carbon)",
      "Carbon_5_aromatic_ring ⊔ Carbon_6_ring ⊔ Sulfur-72",
      "Carbon-29 ⊔ (∃ hasAtom.Carbon-195)",
      "Bond-2 ⊔ Fluorine",
      "Carbon-14 ⊔ Nitrogen-32 ⊔ Nitrogen-36",
      "Carbon-21 ⊔ Nitro",
      "Carbon-25 ⊔ (∃ inBond.Bromine-94)",
      "Carbon-25 ⊔ (∃ inBond.(Carbon-10 ⊔ Oxygen-40))",
      "Carbon-25 ⊔ (∃ inBond.(Hydrogen ⊔ Nitrogen))",
      "Atom ⊓ (¬Carbon-19)",
      "Carbon-25 ⊔ (∃ inBond.(Nitrogen-32 ⊔ Oxygen-40))",
      "Carbon-14 ⊔ Carbon-19 ⊔ Hydrogen-3",
      "Anthracene ⊔ Carbon_6_ring ⊔ Sulfur-72",
      "Hydrogen ⊔ Nitrogen-32",
      "Benzene ⊔ Carbon-195 ⊔ Carbon-27"
   ]
}