{
   "F-measure": {
      "mean": 28.81009259259259,
      "std": 34.437818909335235
   },
   "Accuracy": {
      "mean": 38.01225925925925,
      "std": 39.2636718614535
   },
   "Runtime": {
      "mean": 15.186239467726814,
      "std": 12.502091653795503
   }
}