{
   "F-measure": {
      "mean": 93.27324074074073,
      "std": 12.951804820514806
   },
   "Accuracy": {
      "mean": 99.34951851851851,
      "std": 2.032893547528495
   },
   "Runtime": {
      "mean": 48.002764013078476,
      "std": 31.381646493585478
   }
}