{
   "F-measure": [
      99.117,
      99.944,
      99.80499999999999,
      100.0,
      97.997,
      97.028,
      99.79,
      66.667,
      99.886,
      88.549,
      99.271,
      99.799,
      93.333,
      96.073,
      97.727,
      100.0,
      44.444,
      86.51299999999999,
      96.073,
      98.361,
      84.298,
      100.0,
      98.86399999999999,
      97.997,
      100.0,
      99.80499999999999,
      99.985,
      82.353,
      99.602,
      97.603,
      98.91499999999999,
      89.691,
      99.029,
      98.382,
      99.789,
      98.695,
      97.619,
      99.783,
      99.98599999999999,
      99.47500000000001,
      83.333,
      92.937,
      98.899,
      80.0,
      36.114000000000004,
      100.0,
      99.911,
      99.966,
      99.983,
      97.86500000000001,
      99.266,
      76.923,
      98.566,
      70.744
   ],
   "Accuracy": [
      99.88,
      99.98599999999999,
      99.98599999999999,
      100.0,
      99.724,
      99.696,
      99.993,
      99.943,
      99.97200000000001,
      95.136,
      99.894,
      99.943,
      99.98599999999999,
      99.816,
      99.98599999999999,
      100.0,
      99.965,
      89.396,
      99.816,
      99.993,
      99.866,
      100.0,
      99.98599999999999,
      99.724,
      100.0,
      99.993,
      99.993,
      99.59700000000001,
      99.98599999999999,
      99.823,
      99.859,
      99.859,
      99.993,
      99.859,
      99.993,
      99.922,
      98.494,
      99.993,
      99.993,
      99.15899999999999,
      99.91499999999999,
      99.866,
      99.894,
      99.809,
      90.145,
      100.0,
      99.98599999999999,
      99.98599999999999,
      99.98599999999999,
      99.753,
      99.816,
      99.873,
      99.618,
      97.024
   ],
   "Runtime": [
      112.77735114097595,
      51.098031759262085,
      115.45370078086853,
      34.36750078201294,
      2.902872323989868,
      61.26096749305725,
      62.570327281951904,
      48.74979853630066,
      58.83721375465393,
      61.221476554870605,
      75.99798488616943,
      1.725829839706421,
      101.89371681213379,
      47.515175104141235,
      49.80900692939758,
      0.5318670272827148,
      51.93866467475891,
      85.59757661819458,
      49.8228018283844,
      49.91849160194397,
      49.198904037475586,
      7.260023832321167,
      49.08191680908203,
      2.994706153869629,
      33.347912073135376,
      6.918084621429443,
      10.896857261657715,
      48.651674032211304,
      59.016355991363525,
      47.75708293914795,
      70.28477358818054,
      51.66849446296692,
      48.551631927490234,
      75.89446020126343,
      64.59640431404114,
      41.115055322647095,
      125.87618088722229,
      2.3623878955841064,
      1.1042635440826416,
      110.79634070396423,
      45.64685940742493,
      50.650917291641235,
      54.761672496795654,
      53.82118511199951,
      51.29334235191345,
      1.0766205787658691,
      6.863923072814941,
      3.6156623363494873,
      1.045229434967041,
      65.86450624465942,
      58.7938506603241,
      51.702399015426636,
      67.73845362663269,
      47.91076874732971
   ],
   "Prediction": [
      "∃ inBond.Nitrogen-38",
      "(∃ inStructure.Carbon-14) ⊔ Hydrogen-3 ⊔ Carbon-195",
      "(∃ inBond.Carbon-10) ⊔ (∃ inBond.Chlorine)",
      "¬Bromine",
      "Bond-2 ⊔ (∃ inBond.Nitrogen-38)",
      "Oxygen ⊔ Oxygen",
      "Compound ⊔ Nitrogen-35",
      "Hetero_aromatic_6_ring",
      "Hydrogen-3 ⊓ Hydrogen-3",
      "(∃ charge.xsd:double[≥ -0.093]) ⊔ Carbon-16 ⊔ Carbon-21",
      "Ball3 ⊔ Fluorine-92 ⊔ (∃ inBond.Nitrogen-38)",
      "(∃ hasFifeExamplesOfAcenthrylenes.{False}) ⊔ Hydrogen-3",
      "Bond-7 ⊓ ((∃ inBond.Sulfur) ⊔ (∃ inBond.Oxygen-52))",
      "Nitro",
      "Carbon-195 ⊓ Carbon-195",
      "Fluorine-92 ⊓ Fluorine-92",
      "Carbon-25 ⊓ Carbon-25",
      "Bond ⊔ Bond",
      "Nitro",
      "Carbon_6_ring",
      "Phenanthrene",
      "Hydrogen-3 ⊔ Nitrogen-38 ⊔ Carbon-21",
      "Ring_size_5",
      "Bond-2 ⊔ (∃ inBond.Nitrogen-38)",
      "Hydrogen-8 ⊔ Carbon-194 ⊔ Hydrogen-8",
      "Compound ⊔ Carbon-232 ⊔ Hetero_aromatic_5_ring",
      "Bond-1 ⊔ Bond-2 ⊔ (∃ inBond.Carbon-10)",
      "Carbon-10 ⊓ Carbon-10",
      "Hydrogen-8 ⊔ Compound",
      "Benzene",
      "(∃ hasAtom.Oxygen) ⊔ Oxygen",
      "Ring_size_5",
      "Phenanthrene",
      "(∃ hasAtom.Carbon) ⊔ Carbon-27",
      "Compound ⊔ Oxygen-52",
      "Nitrogen ⊓ Nitrogen",
      "(∃ inBond.Nitrogen-34) ⊔ (∃ inBond.Carbon-22)",
      "Compound ⊔ Compound",
      "Hydrogen-3 ⊔ Carbon-22",
      "¬Carbon",
      "Carbon_6_ring",
      "Carbon-29 ⊓ Carbon-29",
      "Bond-2 ⊓ Bond-2",
      "Nitrogen-32 ⊔ Nitrogen-32",
      "RingStructure ⊔ Carbon-21",
      "Carbon-25 ⊔ ((∃ inBond.Carbon) ⊓ (∃ inBond.Bromine))",
      "(∃ inBond.Carbon-10) ⊔ (∃ inBond.Oxygen-40)",
      "((∃ inBond.Hydrogen) ⊔ (∃ inBond.Nitrogen)) ⊓ (∃ inBond.⊤) ⊓ (∃ inBond.Atom)",
      "Nitrogen-38 ⊔ (∃ charge.xsd:double[≤ 0.85])",
      "Bond-2 ⊔ (∃ inBond.(Nitrogen-32 ⊔ Oxygen-52))",
      "Hydrogen-3 ⊓ Hydrogen-3",
      "Carbon_6_ring",
      "Hydrogen ⊔ Hydrogen",
      "Benzene"
   ],
   "Learned Concept": [
      "Anthracene ⊔ (∃ inBond.Nitrogen-38)",
      "Carbon-195 ⊔ Hydrogen-3 ⊔ Nitrogen-36",
      "Carbon-25 ⊔ (∃ inBond.(Carbon-10 ⊔ Chlorine))",
      "¬Bromine-94",
      "Sulfur-72 ⊔ (∃ inBond.Nitrogen-38)",
      "Carbon-195 ⊔ Oxygen",
      "Carbon-232 ⊔ Nitrogen-35 ⊔ (∃ hasStructure.(¬Nitrogen-38))",
      "Hetero_aromatic_6_ring ⊔ Nitrogen-35",
      "Carbon-232 ⊔ Hydrogen-3 ⊔ Oxygen-51",
      "Hydrogen-3 ⊔ (Carbon ⊓ (¬Carbon-22))",
      "Ball3 ⊔ (∃ inBond.Nitrogen-38)",
      "Hydrogen-3 ⊔ Oxygen-49 ⊔ (∃ hasStructure.(¬Nitrogen-38))",
      "Carbon-25 ⊔ (∃ inBond.(Oxygen-52 ⊔ Sulfur-72))",
      "Hetero_aromatic_5_ring ⊔ Nitro",
      "Carbon-195 ⊔ Nitrogen-36",
      "Fluorine-92",
      "Carbon-25 ⊔ (∃ inBond.(Oxygen-51 ⊔ Sulfur))",
      "Carbon-25 ⊔ (∃ inBond.(¬Carbon-22))",
      "Carbon-16 ⊔ Nitro",
      "Carbon_6_ring ⊔ Iodine",
      "Phenanthrene ⊔ (∃ hasAtom.Carbon-195)",
      "Carbon-21 ⊔ Hydrogen-3 ⊔ Nitrogen-38",
      "Carbon-25 ⊔ Ring_size_5",
      "Carbon-232 ⊔ (∃ inBond.Nitrogen-38)",
      "Carbon-194 ⊔ Hydrogen-8",
      "Compound ⊔ Hetero_aromatic_5_ring",
      "Bond ⊓ (¬Bond-7)",
      "Carbon-10 ⊔ Carbon-26",
      "Bromine-94 ⊔ Hydrogen-8 ⊔ (∃ hasStructure.(¬Nitrogen-38))",
      "Benzene ⊔ Carbon-14",
      "(Oxygen ⊓ (¬Oxygen-45)) ⊔ (∃ hasStructure.(¬Nitrogen-38))",
      "Oxygen-45 ⊔ Ring_size_5",
      "Oxygen-42 ⊔ Phenanthrene",
      "Carbon-27 ⊔ Hydrogen-8 ⊔ (∃ hasStructure.(¬Nitrogen-38))",
      "Carbon-19 ⊔ Oxygen-52 ⊔ (∃ hasStructure.(¬Nitrogen-38))",
      "Carbon_5_aromatic_ring ⊔ Nitrogen",
      "Carbon-25 ⊔ (∃ inBond.(Carbon-21 ⊔ Carbon-22))",
      "Carbon-232 ⊔ Compound",
      "Carbon-22 ⊔ Carbon-230 ⊔ Hydrogen-3",
      "Carbon-195 ⊔ Carbon-21 ⊔ (¬Carbon)",
      "Carbon_5_aromatic_ring ⊔ Carbon_6_ring ⊔ Sulfur-72",
      "Carbon-29 ⊔ (∃ hasAtom.Carbon-195)",
      "Bond-2 ⊔ Fluorine",
      "Carbon-14 ⊔ Nitrogen-32 ⊔ Nitrogen-36",
      "Carbon-21 ⊔ Nitro",
      "Carbon-25 ⊔ (∃ inBond.Bromine-94)",
      "Carbon-25 ⊔ (∃ inBond.(Carbon-10 ⊔ Oxygen-40))",
      "Carbon-25 ⊔ (∃ inBond.(Hydrogen ⊔ Nitrogen))",
      "Atom ⊓ (¬Carbon-19)",
      "Carbon-25 ⊔ (∃ inBond.(Nitrogen-32 ⊔ Oxygen-40))",
      "Carbon-14 ⊔ Carbon-19 ⊔ Hydrogen-3",
      "Anthracene ⊔ Carbon_6_ring ⊔ Sulfur-72",
      "Hydrogen ⊔ Nitrogen-32",
      "Benzene ⊔ Carbon-195 ⊔ Carbon-27"
   ]
}