{
   "SetTransformer": {
      "acc": {
         "values": [
            100.0,
            99.979,
            99.70400000000001,
            99.74,
            99.98599999999999,
            100.0,
            99.676,
            100.0,
            100.0,
            99.98,
            99.217,
            99.936,
            99.993,
            99.979,
            100.0,
            99.98599999999999,
            100.0,
            99.979,
            100.0,
            100.0,
            99.993,
            99.845
         ],
         "mean": [
            99.90877272727272
         ],
         "std": [
            0.18097235645714704
         ]
      },
      "prediction": {
         "values": [
            "Carbon-19 ⊔ Carbon-28 ⊔ (∃ hasAtom.⊤)",
            "Bromine ⊔ Carbon-27",
            "Nitrogen-38 ⊔ Nitrogen-38",
            "Carbon-26 ⊔ Oxygen-45",
            "Carbon-230 ⊔ Chlorine",
            "Carbon-14 ⊔ (∃ hasAtom.Nitrogen-31)",
            "Oxygen-45 ⊔ (∃ hasAtom.Oxygen-42)",
            "Nitrogen-36 ⊔ (∃ hasAtom.Sulfur)",
            "Nitrogen-35 ⊔ Oxygen-50",
            "Carbon-25 ⊔ Carbon-27 ⊔ (∃ hasAtom.⊤)",
            "Bond-2 ⊔ Ring_size_5",
            "Oxygen-49 ⊔ (∃ hasAtom.Nitrogen-31)",
            "Methyl ⊔ Methyl",
            "Carbon-28 ⊔ Oxygen-41 ⊔ Oxygen-49",
            "Carbon-28 ⊔ Ring_size_5",
            "Bond-5 ⊔ Carbon-19",
            "Carbon-21 ⊔ Carbon-21",
            "Compound ⊔ (∃ inBond.Oxygen-42)",
            "Hydrogen-8 ⊔ (∃ hasAtom.Nitrogen-31)",
            "Carbon-27 ⊔ (∃ hasAtom.Nitrogen-31)",
            "Oxygen-45 ⊔ Oxygen-45",
            "Carbon-22 ⊔ Carbon-22"
         ]
      },
      "f1": {
         "values": [
            100.0,
            99.605,
            93.667,
            75.497,
            96.97,
            100.0,
            4.167,
            100.0,
            100.0,
            99.754,
            92.014,
            18.182000000000002,
            98.30499999999999,
            97.248,
            100.0,
            85.714,
            100.0,
            99.35199999999999,
            100.0,
            100.0,
            97.56099999999999,
            99.362
         ],
         "mean": [
            88.97263636363637
         ],
         "std": [
            25.350164128113924
         ]
      },
      "time": {
         "values": [
            0.15026544440876355,
            0.15026544440876355,
            0.15026544440876355,
            0.15026544440876355,
            0.15026544440876355,
            0.15026544440876355,
            0.15026544440876355,
            0.15026544440876355,
            0.15026544440876355,
            0.15026544440876355,
            0.15026544440876355,
            0.15026544440876355,
            0.15026544440876355,
            0.15026544440876355,
            0.15026544440876355,
            0.15026544440876355,
            0.15026544440876355,
            0.15026544440876355,
            0.15026544440876355,
            0.15026544440876355,
            0.15026544440876355,
            0.15026544440876355
         ],
         "mean": [
            0.15026544440876358
         ],
         "std": [
            2.7755575615628914e-17
         ]
      }
   },
   "GRU": {
      "acc": {
         "values": [
            98.385,
            99.993,
            100.0,
            99.88,
            99.979,
            100.0,
            100.0,
            100.0,
            99.866,
            99.98599999999999,
            99.724,
            99.91499999999999,
            99.98599999999999,
            99.97200000000001,
            100.0,
            99.97200000000001,
            100.0,
            98.33800000000001,
            100.0,
            99.98599999999999,
            99.993,
            99.51100000000001
         ],
         "mean": [
            99.79481818181817
         ],
         "std": [
            0.46718943367990057
         ]
      },
      "prediction": {
         "values": [
            "Carbon-25 ⊔ Carbon-28",
            "Carbon-27 ⊔ Carbon-27",
            "Carbon-195 ⊔ Nitrogen-38",
            "Carbon-26 ⊔ Carbon-26",
            "Nitrogen-36 ⊔ Chlorine-93",
            "Carbon-14 ⊔ (∃ hasAtom.Nitrogen-31)",
            "Carbon-16 ⊔ (∃ hasAtom.Oxygen-42)",
            "Nitrogen-36 ⊔ (∃ hasAtom.Sulfur)",
            "Nitrogen-35 ⊔ (∃ inBond.Sulfur)",
            "Carbon-232 ⊔ Carbon-27 ⊔ (∃ hasAtom.⊤)",
            "Bond-2 ⊔ Carbon_5_aromatic_ring",
            "Bond-5 ⊔ (∃ hasAtom.Nitrogen-31)",
            "Carbon-232 ⊔ Methyl",
            "Carbon-28 ⊔ Carbon-28",
            "Carbon-28 ⊔ Ring_size_5 ⊔ Ring_size_5",
            "Bond-5 ⊔ Oxygen-49",
            "Carbon-21 ⊔ Carbon-21",
            "Carbon-19 ⊔ Oxygen-52",
            "Hydrogen-8 ⊔ (∃ hasAtom.Nitrogen-31)",
            "Carbon-27 ⊔ (∃ inBond.Oxygen-42)",
            "Oxygen-45 ⊔ Oxygen-45",
            "Carbon-22 ⊔ Nitrogen-32"
         ]
      },
      "f1": {
         "values": [
            29.607,
            99.868,
            100.0,
            87.023,
            95.52199999999999,
            100.0,
            100.0,
            100.0,
            45.714,
            99.836,
            97.048,
            14.285999999999998,
            96.667,
            96.078,
            100.0,
            75.0,
            100.0,
            0.0,
            100.0,
            99.736,
            97.56099999999999,
            98.01100000000001
         ],
         "mean": [
            83.27077272727273
         ],
         "std": [
            30.113903611472796
         ]
      },
      "time": {
         "values": [
            0.2181460749019276,
            0.2181460749019276,
            0.2181460749019276,
            0.2181460749019276,
            0.2181460749019276,
            0.2181460749019276,
            0.2181460749019276,
            0.2181460749019276,
            0.2181460749019276,
            0.2181460749019276,
            0.2181460749019276,
            0.2181460749019276,
            0.2181460749019276,
            0.2181460749019276,
            0.2181460749019276,
            0.2181460749019276,
            0.2181460749019276,
            0.2181460749019276,
            0.2181460749019276,
            0.2181460749019276,
            0.2181460749019276,
            0.2181460749019276
         ],
         "mean": [
            0.21814607490192756
         ],
         "std": [
            5.551115123125783e-17
         ]
      }
   },
   "LSTM": {
      "acc": {
         "values": [
            99.993,
            95.555,
            100.0,
            100.0,
            99.98599999999999,
            89.05199999999999,
            99.98599999999999,
            99.965,
            99.711,
            99.993,
            93.502,
            99.901,
            99.993,
            99.965,
            100.0,
            99.894,
            99.97200000000001,
            99.979,
            99.98599999999999,
            99.98599999999999,
            99.993,
            99.641
         ],
         "mean": [
            98.95695454545454
         ],
         "std": [
            2.6811129215185785
         ]
      },