{
   "SetTransformer": {
      "acc": {
         "values": [
            99.979,
            99.70400000000001,
            99.74,
            99.98599999999999,
            100.0,
            99.676,
            100.0,
            100.0,
            99.217,
            99.936,
            99.993,
            99.979,
            100.0,
            99.98599999999999,
            100.0,
            99.979,
            100.0,
            100.0,
            99.993,
            99.845
         ],
         "mean": [
            99.90065
         ],
         "std": [
            0.18785719975555829
         ]
      },
      "prediction": {
         "values": [
            "Bromine ⊔ Carbon-27",
            "Nitrogen-38 ⊔ Nitrogen-38",
            "Carbon-26 ⊔ Oxygen-45",
            "Carbon-230 ⊔ Chlorine",
            "Carbon-14 ⊔ (∃ hasAtom.Nitrogen-31)",
            "Oxygen-45 ⊔ (∃ hasAtom.Oxygen-42)",
            "Nitrogen-36 ⊔ (∃ hasAtom.Sulfur)",
            "Nitrogen-35 ⊔ Oxygen-50",
            "Bond-2 ⊔ Ring_size_5",
            "Oxygen-49 ⊔ (∃ hasAtom.Nitrogen-31)",
            "Methyl ⊔ Methyl",
            "Carbon-28 ⊔ Oxygen-41 ⊔ Oxygen-49",
            "Carbon-28 ⊔ Ring_size_5",
            "Bond-5 ⊔ Carbon-19",
            "Carbon-21 ⊔ Carbon-21",
            "Compound ⊔ (∃ inBond.Oxygen-42)",
            "Hydrogen-8 ⊔ (∃ hasAtom.Nitrogen-31)",
            "Carbon-27 ⊔ (∃ hasAtom.Nitrogen-31)",
            "Oxygen-45 ⊔ Oxygen-45",
            "Carbon-22 ⊔ Carbon-22"
         ]
      },
      "f1": {
         "values": [
            99.605,
            93.667,
            75.497,
            96.97,
            100.0,
            4.167,
            100.0,
            100.0,
            92.014,
            18.182000000000002,
            98.30499999999999,
            97.248,
            100.0,
            85.714,
            100.0,
            99.35199999999999,
            100.0,
            100.0,
            97.56099999999999,
            99.362
         ],
         "mean": [
            87.8822
         ],
         "std": [
            26.34032696190387
         ]
      },
      "time": {
         "values": [
            0.1781681017442183,
            0.1781681017442183,
            0.1781681017442183,
            0.1781681017442183,
            0.1781681017442183,
            0.1781681017442183,
            0.1781681017442183,
            0.1781681017442183,
            0.1781681017442183,
            0.1781681017442183,
            0.1781681017442183,
            0.1781681017442183,
            0.1781681017442183,
            0.1781681017442183,
            0.1781681017442183,
            0.1781681017442183,
            0.1781681017442183,
            0.1781681017442183,
            0.1781681017442183,
            0.1781681017442183
         ],
         "mean": [
            0.1781681017442183
         ],
         "std": [
            0.0
         ]
      }
   },
   "GRU": {
      "acc": {
         "values": [
            99.993,
            100.0,
            100.0,
            99.993,
            99.98599999999999,
            100.0,
            99.98599999999999,
            99.929,
            99.778,
            99.91499999999999,
            99.873,
            99.958,
            99.86,
            99.901,
            100.0,
            98.24300000000001,
            99.831,
            99.98599999999999,
            99.993,
            99.82
         ],
         "mean": [
            99.85225
         ],
         "std": [
            0.37556542372800755
         ]
      },
      "prediction": {
         "values": [
            "Carbon-27 ⊔ Carbon-27",
            "Carbon-195 ⊔ Nitrogen-38",
            "Carbon-26 ⊔ Oxygen-50 ⊔ Oxygen-50",
            "Chlorine ⊔ Chlorine-93",
            "Carbon-14 ⊔ (∃ hasAtom.Sulfur)",
            "Carbon-16 ⊔ (∃ hasAtom.Oxygen-42)",
            "Nitrogen-36 ⊔ (∃ hasAtom.Nitrogen-31)",
            "Oxygen-50 ⊔ (∃ inBond.Sulfur)",
            "Bond-2 ⊔ Oxygen-49",
            "Bond-5 ⊔ (∃ hasAtom.Nitrogen-31)",
            "Methyl ⊔ Methyl ⊔ Oxygen-50",
            "Carbon-28 ⊔ Oxygen-41 ⊔ Oxygen-52",
            "Carbon-28 ⊔ Ring_size_5 ⊔ Oxygen-45",
            "Bond-4 ⊔ Carbon-19",
            "Carbon-21 ⊔ Carbon-21",
            "Carbon-232 ⊔ Oxygen-45",
            "Oxygen-41 ⊔ (∃ hasAtom.Nitrogen-31)",
            "Carbon-27 ⊔ (∃ hasAtom.Sulfur)",
            "Oxygen-45 ⊔ Oxygen-45",
            "Carbon-22 ⊔ Oxygen-41"
         ]
      },
      "f1": {
         "values": [
            99.868,
            100.0,
            100.0,
            98.462,
            96.154,
            100.0,
            66.667,
            77.273,
            97.61,
            14.285999999999998,
            76.31599999999999,
            94.643,
            93.151,
            0.0,
            100.0,
            0.0,
            7.692,
            99.736,
            97.56099999999999,
            99.26
         ],
         "mean": [
            75.93395
         ],
         "std": [
            36.45391449004482
         ]
      },
      "time": {
         "values": [
            0.2741196697408503,
            0.2741196697408503,
            0.2741196697408503,
            0.2741196697408503,
            0.2741196697408503,
            0.2741196697408503,
            0.2741196697408503,
            0.2741196697408503,
            0.2741196697408503,
            0.2741196697408503,
            0.2741196697408503,
            0.2741196697408503,
            0.2741196697408503,
            0.2741196697408503,
            0.2741196697408503,
            0.2741196697408503,
            0.2741196697408503,
            0.2741196697408503,
            0.2741196697408503,
            0.2741196697408503
         ],
         "mean": [
            0.2741196697408502
         ],
         "std": [
            5.551115123125783e-17
         ]
      }
   },
   "LSTM": {
      "acc": {
         "values": [
            99.98599999999999,
            100.0,
            100.0,
            99.993,
            99.98599999999999,
            99.98599999999999,
            99.95100000000001,
            99.711,
            98.276,
            99.901,
            99.993,
            99.965,
            100.0,
            99.908,
            99.993,
            99.98599999999999,
            99.98599999999999,
            99.98599999999999,
            99.993,
            99.641
         ],
         "mean": [
            99.86205
         ],
         "std": [
            0.3759811797151549
         ]
      },
      "prediction": {
         "values": [
            "Carbon-27 ⊔ (∃ inBond.Oxygen-42)",
            "Carbon-195 ⊔ Nitrogen-38",
            "Carbon-26 ⊔ Oxygen-50",
            "Chlorine",
            "Carbon-14 ⊔ (∃ hasAtom.Sulfur)",
            "Carbon-16 ⊔ (∃ inBond.Oxygen-42)",
            "Oxygen-51 ⊔ (∃ inBond.Oxygen-42)",
            "Nitrogen-34 ⊔ Oxygen-50",
            "Bond-2 ⊔ (∃ hasAtom.⊤)",
            "Bond-5 ⊔ (∃ hasAtom.Sulfur)",
            "Methyl ⊔ Methyl",
            "Carbon-28 ⊔ (∃ inBond.Oxygen-42)",
            "Carbon-28 ⊔ Ring_size_5",
            "Bond-4",
            "Carbon-21 ⊔ Sulfur",
            "Compound ⊔ Compound",
            "Hydrogen-8 ⊔ (∃ hasAtom.Sulfur)",
            "Carbon-27 ⊔ (∃ hasAtom.Sulfur)",
            "Oxygen-45 ⊔ Oxygen-45",
            "Carbon-22 ⊔ Nitrogen-34"
         ]
      },
      "f1": {
         "values": [
            99.736,
            100.0,
            100.0,
            98.462,
            96.154,
            96.296,
            0.0,
            45.333,
            83.831,
            0.0,
            98.30499999999999,
            95.146,
            100.0,
            0.0,
            99.346,
            99.56700000000001,
            95.238,
            99.736,
            97.56099999999999,
            98.532
         ],
         "mean": [
            80.16215
         ],
         "std": [
            35.68470099394837
         ]
      },