{
   "SetTransformer": {
      "acc": {
         "values": [
            100.0,
            99.979,
            99.70400000000001,
            99.74,
            99.98599999999999,
            100.0,
            99.676,
            100.0,
            100.0,
            99.98,
            99.217,
            99.936,
            99.993,
            99.979,
            100.0,
            99.98599999999999,
            100.0,
            99.979,
            100.0,
            100.0,
            99.993,
            99.845
         ],
         "mean": [
            99.90877272727272
         ],
         "std": [
            0.18097235645714704
         ]
      },
      "prediction": {
         "values": [
            "Carbon-19 ⊔ Carbon-28 ⊔ (∃ hasAtom.⊤)",
            "Bromine ⊔ Carbon-27",
            "Nitrogen-38 ⊔ Nitrogen-38",
            "Carbon-26 ⊔ Oxygen-45",
            "Carbon-230 ⊔ Chlorine",
            "Carbon-14 ⊔ (∃ hasAtom.Nitrogen-31)",
            "Oxygen-45 ⊔ (∃ hasAtom.Oxygen-42)",
            "Nitrogen-36 ⊔ (∃ hasAtom.Sulfur)",
            "Nitrogen-35 ⊔ Oxygen-50",
            "Carbon-25 ⊔ Carbon-27 ⊔ (∃ hasAtom.⊤)",
            "Bond-2 ⊔ Ring_size_5",
            "Oxygen-49 ⊔ (∃ hasAtom.Nitrogen-31)",
            "Methyl ⊔ Methyl",
            "Carbon-28 ⊔ Oxygen-41 ⊔ Oxygen-49",
            "Carbon-28 ⊔ Ring_size_5",
            "Bond-5 ⊔ Carbon-19",
            "Carbon-21 ⊔ Carbon-21",
            "Compound ⊔ (∃ inBond.Oxygen-42)",
            "Hydrogen-8 ⊔ (∃ hasAtom.Nitrogen-31)",
            "Carbon-27 ⊔ (∃ hasAtom.Nitrogen-31)",
            "Oxygen-45 ⊔ Oxygen-45",
            "Carbon-22 ⊔ Carbon-22"
         ]
      },
      "f1": {
         "values": [
            100.0,
            99.605,
            93.667,
            75.497,
            96.97,
            100.0,
            4.167,
            100.0,
            100.0,
            99.754,
            92.014,
            18.182000000000002,
            98.30499999999999,
            97.248,
            100.0,
            85.714,
            100.0,
            99.35199999999999,
            100.0,
            100.0,
            97.56099999999999,
            99.362
         ],
         "mean": [
            88.97263636363637
         ],
         "std": [
            25.350164128113924
         ]
      },
      "time": {
         "values": [
            0.17813330346887762,
            0.17813330346887762,
            0.17813330346887762,
            0.17813330346887762,
            0.17813330346887762,
            0.17813330346887762,
            0.17813330346887762,
            0.17813330346887762,
            0.17813330346887762,
            0.17813330346887762,
            0.17813330346887762,
            0.17813330346887762,
            0.17813330346887762,
            0.17813330346887762,
            0.17813330346887762,
            0.17813330346887762,
            0.17813330346887762,
            0.17813330346887762,
            0.17813330346887762,
            0.17813330346887762,
            0.17813330346887762,
            0.17813330346887762
         ],
         "mean": [
            0.17813330346887757
         ],
         "std": [
            5.551115123125783e-17
         ]
      }
   },
   "GRU": {
      "acc": {
         "values": [
            100.0,
            99.993,
            97.63300000000001,
            100.0,
            99.746,
            99.98599999999999,
            100.0,
            100.0,
            99.936,
            99.98599999999999,
            99.758,
            99.91499999999999,
            99.98599999999999,
            100.0,
            100.0,
            99.887,
            99.993,
            98.24300000000001,
            99.831,
            99.98599999999999,
            99.70400000000001,
            87.843
         ],
         "mean": [
            99.20118181818181
         ],
         "std": [
            2.546907083938255
         ]
      },
      "prediction": {
         "values": [
            "Carbon-19 ⊔ Carbon-28 ⊔ (∃ hasAtom.⊤)",
            "Carbon-27 ⊔ Carbon-27",
            "Carbon-195 ⊔ Hetero_aromatic_5_ring",
            "Carbon-26 ⊔ Oxygen-50",
            "Nitrogen-36 ⊔ Sulfur",
            "Carbon-14 ⊔ (∃ hasAtom.Sulfur)",
            "Carbon-16 ⊔ (∃ hasAtom.Oxygen-42)",
            "Nitrogen-36 ⊔ (∃ hasAtom.Sulfur)",
            "Oxygen-50 ⊔ (∃ inBond.Oxygen-42)",
            "Carbon-232 ⊔ Carbon-27 ⊔ (∃ hasAtom.⊤)",
            "Bond-2 ⊔ Carbon-194",
            "Bond-5 ⊔ (∃ hasAtom.Nitrogen-31)",
            "Carbon-232 ⊔ Methyl",
            "Carbon-28 ⊔ Oxygen-41",
            "Carbon-28 ⊔ Ring_size_5",
            "Bond-4 ⊔ Oxygen-49",
            "Carbon-21 ⊔ Sulfur",
            "Carbon-19 ⊔ Oxygen-45",
            "Oxygen-41 ⊔ (∃ hasAtom.Nitrogen-31)",
            "Carbon-27 ⊔ (∃ hasAtom.Sulfur)",
            "Carbon-232 ⊔ Hydrogen-8",
            "Carbon-14 ⊔ Fluorine"
         ]
      },
      "f1": {
         "values": [
            100.0,
            99.868,
            20.0,
            100.0,
            0.0,
            96.154,
            100.0,
            100.0,
            79.07,
            99.836,
            97.399,
            14.285999999999998,
            96.667,
            100.0,
            100.0,
            0.0,
            99.346,
            0.0,
            7.692,
            99.736,
            0.0,
            2.486
         ],
         "mean": [
            64.20636363636366
         ],
         "std": [
            44.752781733293055
         ]
      },
      "time": {
         "values": [
            0.22920421036806973,
            0.22920421036806973,
            0.22920421036806973,
            0.22920421036806973,
            0.22920421036806973,
            0.22920421036806973,
            0.22920421036806973,
            0.22920421036806973,
            0.22920421036806973,
            0.22920421036806973,
            0.22920421036806973,
            0.22920421036806973,
            0.22920421036806973,
            0.22920421036806973,
            0.22920421036806973,
            0.22920421036806973,
            0.22920421036806973,
            0.22920421036806973,
            0.22920421036806973,
            0.22920421036806973,
            0.22920421036806973,
            0.22920421036806973
         ],
         "mean": [
            0.22920421036806973
         ],
         "std": [
            0.0
         ]
      }
   },
   "LSTM": {
      "acc": {
         "values": [
            99.993,
            95.555,
            100.0,
            100.0,
            97.842,
            99.98599999999999,
            99.98599999999999,
            99.965,
            99.58500000000001,
            99.993,
            93.502,
            99.901,
            99.993,
            99.965,
            100.0,
            98.018,
            99.993,
            99.98599999999999,
            99.98599999999999,
            99.98599999999999,
            99.993,
            99.845
         ],
         "mean": [
            99.27604545454543
         ],
         "std": [
            1.6410448300694032
         ]
      },