{
   "SetTransformer+GRU": {
      "acc": {
         "values": [
            100.0,
            99.993,
            99.52499999999999,
            100.0,
            99.993,
            99.98599999999999,
            100.0,
            100.0,
            100.0,
            99.98599999999999,
            99.758,
            99.936,
            99.993,
            100.0,
            100.0,
            99.901,
            100.0,
            99.92999999999999,
            100.0,
            100.0,
            99.993,
            99.752
         ],
         "mean": [
            99.943
         ],
         "std": [
            0.11552252830272922
         ]
      },
      "prediction": {
         "values": [
            "Carbon-19 ⊔ Carbon-28 ⊔ (∃ hasAtom.⊤)",
            "Carbon-27 ⊔ Carbon-27",
            "Carbon-16 ⊔ Nitrogen-38",
            "Carbon-26 ⊔ Oxygen-50",
            "Chlorine ⊔ Chlorine-93",
            "Carbon-14 ⊔ (∃ hasAtom.Sulfur)",
            "Carbon-16 ⊔ (∃ hasAtom.Oxygen-42)",
            "Nitrogen-36 ⊔ (∃ hasAtom.Sulfur)",
            "Nitrogen-35 ⊔ Oxygen-50",
            "Carbon-232 ⊔ Carbon-27 ⊔ (∃ hasAtom.⊤)",
            "Bond-2 ⊔ Carbon-194",
            "Oxygen-49 ⊔ (∃ hasAtom.Nitrogen-31)",
            "Methyl ⊔ Methyl",
            "Carbon-28 ⊔ Oxygen-41",
            "Carbon-28 ⊔ Ring_size_5",
            "Bond-4 ⊔ Carbon-19",
            "Carbon-21 ⊔ Carbon-21",
            "Compound ⊔ Nitrogen-35",
            "Hydrogen-8 ⊔ (∃ hasAtom.Nitrogen-31)",
            "Carbon-27 ⊔ (∃ hasAtom.Nitrogen-31)",
            "Oxygen-45 ⊔ Oxygen-45",
            "Carbon-22 ⊔ Fluorine"
         ]
      },
      "f1": {
         "values": [
            100.0,
            99.868,
            90.213,
            100.0,
            98.462,
            96.154,
            100.0,
            100.0,
            100.0,
            99.836,
            97.399,
            18.182000000000002,
            98.30499999999999,
            100.0,
            100.0,
            0.0,
            100.0,
            97.872,
            100.0,
            100.0,
            97.56099999999999,
            98.983
         ],
         "mean": [
            90.58340909090909
         ],
         "std": [
            26.004836558293412
         ]
      },
      "time": {
         "values": [
            0.21683524955402722,
            0.21683524955402722,
            0.21683524955402722,
            0.21683524955402722,
            0.21683524955402722,
            0.21683524955402722,
            0.21683524955402722,
            0.21683524955402722,
            0.21683524955402722,
            0.21683524955402722,
            0.21683524955402722,
            0.21683524955402722,
            0.21683524955402722,
            0.21683524955402722,
            0.21683524955402722,
            0.21683524955402722,
            0.21683524955402722,
            0.21683524955402722,
            0.21683524955402722,
            0.21683524955402722,
            0.21683524955402722,
            0.21683524955402722
         ],
         "mean": [
            0.21683524955402717
         ],
         "std": [
            5.551115123125783e-17
         ]
      }
   },
   "SetTransformer+LSTM": {
      "acc": {
         "values": [
            100.0,
            99.993,
            100.0,
            100.0,
            99.979,
            99.98599999999999,
            99.98599999999999,
            100.0,
            100.0,
            99.993,
            99.758,
            100.0,
            99.993,
            100.0,
            100.0,
            99.98599999999999,
            99.993,
            99.64,
            100.0,
            100.0,
            99.993,
            99.845
         ],
         "mean": [
            99.96113636363636
         ],
         "std": [
            0.0905123273646116
         ]
      },
      "prediction": {
         "values": [
            "Carbon-19 ⊔ Carbon-28 ⊔ (∃ hasAtom.⊤)",
            "Carbon-27 ⊔ Carbon-27",
            "Carbon-195 ⊔ Nitrogen-38",
            "Carbon-26 ⊔ Oxygen-50",
            "Chlorine ⊔ Nitrogen-36",
            "Carbon-14 ⊔ (∃ hasAtom.Sulfur)",
            "Carbon-16 ⊔ (∃ inBond.Oxygen-42)",
            "Nitrogen-36 ⊔ (∃ hasAtom.Sulfur)",
            "Nitrogen-35 ⊔ Oxygen-50",
            "Carbon-27 ⊔ Carbon-27 ⊔ (∃ hasAtom.⊤)",
            "Bond-2 ⊔ Bond-5",
            "Bond-4 ⊔ (∃ hasAtom.Nitrogen-31)",
            "Methyl ⊔ Methyl",
            "Carbon-28 ⊔ Oxygen-41",
            "Carbon-28 ⊔ Ring_size_5",
            "Bond-5 ⊔ Carbon-19",
            "Carbon-21 ⊔ Sulfur",
            "Carbon-19 ⊔ Carbon-28 ⊔ (∃ hasAtom.⊤)",
            "Hydrogen-8 ⊔ (∃ hasAtom.Nitrogen-31)",
            "Carbon-27 ⊔ (∃ hasAtom.Nitrogen-31)",
            "Oxygen-45 ⊔ Oxygen-45",
            "Carbon-22 ⊔ Carbon-22"
         ]
      },
      "f1": {
         "values": [
            100.0,
            99.868,
            100.0,
            100.0,
            95.52199999999999,
            96.154,
            96.296,
            100.0,
            100.0,
            99.91799999999999,
            97.399,
            100.0,
            98.30499999999999,
            100.0,
            100.0,
            85.714,
            99.346,
            89.84400000000001,
            100.0,
            100.0,
            97.56099999999999,
            99.362
         ],
         "mean": [
            97.96768181818183
         ],
         "std": [
            3.576290769986076
         ]
      },
      "time": {
         "values": [
            0.2207748998295177,
            0.2207748998295177,
            0.2207748998295177,
            0.2207748998295177,
            0.2207748998295177,
            0.2207748998295177,
            0.2207748998295177,
            0.2207748998295177,
            0.2207748998295177,
            0.2207748998295177,
            0.2207748998295177,
            0.2207748998295177,
            0.2207748998295177,
            0.2207748998295177,
            0.2207748998295177,
            0.2207748998295177,
            0.2207748998295177,
            0.2207748998295177,
            0.2207748998295177,
            0.2207748998295177,
            0.2207748998295177,
            0.2207748998295177
         ],
         "mean": [
            0.22077489982951776
         ],
         "std": [
            5.551115123125783e-17
         ]
      }
   },
   "GRU+LSTM": {
      "acc": {
         "values": [
            98.385,
            99.993,
            100.0,
            100.0,
            99.98599999999999,
            99.98599999999999,
            100.0,
            99.979,
            99.936,
            99.993,
            99.791,
            99.91499999999999,
            99.98599999999999,
            99.965,
            100.0,
            99.592,
            99.993,
            99.979,
            100.0,
            99.98599999999999,
            99.85199999999999,
            99.752
         ],
         "mean": [
            99.86677272727273
         ],
         "std": [
            0.33882469747619276
         ]
      },