{
   "Ensemble": {
      "acc": {
         "values": [
            100.0,
            99.993,
            100.0,
            100.0,
            99.979,
            99.98599999999999,
            100.0,
            100.0,
            100.0,
            99.993,
            99.791,
            99.91499999999999,
            99.993,
            100.0,
            100.0,
            99.901,
            99.993,
            99.98599999999999,
            100.0,
            100.0,
            99.993,
            99.752
         ],
         "mean": [
            99.96704545454544
         ],
         "std": [
            0.0672163922598488
         ]
      },
      "prediction": {
         "values": [
            "Carbon-19 ⊔ Carbon-28 ⊔ (∃ hasAtom.⊤)",
            "Carbon-27 ⊔ Carbon-27",
            "Carbon-195 ⊔ Nitrogen-38",
            "Carbon-26 ⊔ Oxygen-50",
            "Chlorine ⊔ Nitrogen-36",
            "Carbon-14 ⊔ (∃ hasAtom.Sulfur)",
            "Carbon-16 ⊔ (∃ hasAtom.Oxygen-42)",
            "Nitrogen-36 ⊔ (∃ hasAtom.Sulfur)",
            "Nitrogen-35 ⊔ Oxygen-50",
            "Carbon-27 ⊔ Carbon-27 ⊔ (∃ hasAtom.⊤)",
            "Bond-2 ⊔ Sulfur-72",
            "Bond-5 ⊔ (∃ hasAtom.Nitrogen-31)",
            "Methyl ⊔ Methyl",
            "Carbon-28 ⊔ Oxygen-41",
            "Carbon-28 ⊔ Ring_size_5",
            "Bond-4 ⊔ Carbon-19",
            "Carbon-21 ⊔ Sulfur",
            "Compound ⊔ Compound",
            "Hydrogen-8 ⊔ (∃ hasAtom.Nitrogen-31)",
            "Carbon-27 ⊔ (∃ hasAtom.Nitrogen-31)",
            "Oxygen-45 ⊔ Oxygen-45",
            "Carbon-22 ⊔ Fluorine"
         ]
      },
      "f1": {
         "values": [
            100.0,
            99.868,
            100.0,
            100.0,
            95.52199999999999,
            96.154,
            100.0,
            100.0,
            100.0,
            99.91799999999999,
            97.752,
            14.285999999999998,
            98.30499999999999,
            100.0,
            100.0,
            0.0,
            99.346,
            99.56700000000001,
            100.0,
            100.0,
            97.56099999999999,
            98.983
         ],
         "mean": [
            90.78463636363637
         ],
         "std": [
            26.568075934620644
         ]
      },
      "time": {
         "values": [
            0.299414797262712,
            0.299414797262712,
            0.299414797262712,
            0.299414797262712,
            0.299414797262712,
            0.299414797262712,
            0.299414797262712,
            0.299414797262712,
            0.299414797262712,
            0.299414797262712,
            0.299414797262712,
            0.299414797262712,
            0.299414797262712,
            0.299414797262712,
            0.299414797262712,
            0.299414797262712,
            0.299414797262712,
            0.299414797262712,
            0.299414797262712,
            0.299414797262712,
            0.299414797262712,
            0.299414797262712
         ],
         "mean": [
            0.2994147972627121
         ],
         "std": [
            1.1102230246251565e-16
         ]
      }
   }
}