{
   "SetTransformer": {
      "acc": {
         "values": [
            99.643,
            99.736,
            98.70100000000001,
            98.291,
            100.0,
            95.238
         ],
         "mean": [
            98.6015
         ],
         "std": [
            1.6200338216634047
         ]
      },
      "prediction": {
         "values": [
            "Carbon-28 ⊔ (∃ hasAtom.⊤)",
            "Carbon-27",
            "Carbon-21 ⊔ (∃ hasAtom.Oxygen-42)",
            "Compound ⊔ Bromine",
            "Carbon-27 ⊔ (∃ hasAtom.Nitrogen-31)",
            "Oxygen-45"
         ]
      },
      "f1": {
         "values": [
            99.821,
            99.868,
            99.346,
            99.138,
            100.0,
            97.56099999999999
         ],
         "mean": [
            99.289
         ],
         "std": [
            0.830242936334502
         ]
      },
      "time": {
         "values": [
            0.436978816986084,
            0.0629277229309082,
            0.05668497085571289,
            0.0552830696105957,
            0.05286884307861328,
            0.0489649772644043
         ],
         "mean": [
            0.11895140012105306
         ],
         "std": [
            0.14228835659599318
         ]
      }
   },
   "LSTM": {
      "acc": {
         "values": [
            0.0,
            0.0,
            0.0,
            0.0,
            16.258,
            0.0
         ],
         "mean": [
            2.7096666666666667
         ],
         "std": [
            6.05899886303193
         ]
      },
      "prediction": {
         "values": [
            "Carbon-29 ⊔ Hydrogen",
            "Fluorine ⊔ Carbon-21",
            "Fluorine ⊔ Iodine",
            "Fluorine",
            "Carbon-27 ⊔ Carbon-22",
            "Fluorine ⊔ Carbon-27"
         ]
      },
      "f1": {
         "values": [
            0.0,
            0.0,
            0.0,
            0.0,
            27.969,
            0.0
         ],
         "mean": [
            4.6615
         ],
         "std": [
            10.42343087711527
         ]
      },
      "time": {
         "values": [
            0.271777868270874,
            0.22989726066589355,
            0.37081408500671387,
            0.24431967735290527,
            0.2843480110168457,
            0.22483253479003906
         ],
         "mean": [
            0.2709982395172119
         ],
         "std": [
            0.049454247652953434
         ]
      }
   },
   "GRU": {
      "acc": {
         "values": [
            0.0,
            0.0,
            0.0,
            0.0,
            0.0,
            2.421
         ],
         "mean": [
            0.40349999999999997
         ],
         "std": [
            0.9022534289211652
         ]
      },
      "prediction": {
         "values": [
            "Carbon-29 ⊔ Phosphorus ⊔ Oxygen-50",
            "Carbon-29",
            "Carbon-29 ⊔ Phenanthrene ⊔ Tellurium ⊔ (Nitrogen-32 ⊓ Bond-1)",
            "Carbon-29 ⊔ Nitrogen-32",
            "Carbon-29",
            "Carbon-29 ⊔ Oxygen-45 ⊔ Bond-4 ⊔ (Nitrogen-35 ⊓ Copper) ⊔ Bond-2"
         ]
      },
      "f1": {
         "values": [
            0.0,
            0.0,
            0.0,
            0.0,
            0.0,
            4.728000000000001
         ],
         "mean": [
            0.7880000000000001
         ],
         "std": [
            1.7620215662698344
         ]
      },
      "time": {
         "values": [
            0.3702075481414795,
            0.2726445198059082,
            0.30506086349487305,
            0.26625704765319824,
            0.27044129371643066,
            0.27532482147216797
         ],
         "mean": [
            0.29332268238067627
         ],
         "std": [
            0.03664397043189711
         ]
      }
   }
}