{
   "SetTransformer": {
      "acc": {
         "values": [
            100.0,
            99.979,
            99.70400000000001,
            99.74,
            99.98599999999999,
            100.0,
            99.676,
            100.0,
            100.0,
            99.98,
            99.217,
            99.936,
            99.993,
            99.979,
            100.0,
            99.98599999999999,
            100.0,
            99.979,
            100.0,
            100.0,
            99.993,
            99.845
         ],
         "mean": [
            99.90877272727272
         ],
         "std": [
            0.18097235645714704
         ]
      },
      "prediction": {
         "values": [
            "Carbon-19 ⊔ Carbon-28 ⊔ (∃ hasAtom.⊤)",
            "Bromine ⊔ Carbon-27",
            "Nitrogen-38 ⊔ Nitrogen-38",
            "Carbon-26 ⊔ Oxygen-45",
            "Carbon-230 ⊔ Chlorine",
            "Carbon-14 ⊔ (∃ hasAtom.Nitrogen-31)",
            "Oxygen-45 ⊔ (∃ hasAtom.Oxygen-42)",
            "Nitrogen-36 ⊔ (∃ hasAtom.Sulfur)",
            "Nitrogen-35 ⊔ Oxygen-50",
            "Carbon-25 ⊔ Carbon-27 ⊔ (∃ hasAtom.⊤)",
            "Bond-2 ⊔ Ring_size_5",
            "Oxygen-49 ⊔ (∃ hasAtom.Nitrogen-31)",
            "Methyl ⊔ Methyl",
            "Carbon-28 ⊔ Oxygen-41 ⊔ Oxygen-49",
            "Carbon-28 ⊔ Ring_size_5",
            "Bond-5 ⊔ Carbon-19",
            "Carbon-21 ⊔ Carbon-21",
            "Compound ⊔ (∃ inBond.Oxygen-42)",
            "Hydrogen-8 ⊔ (∃ hasAtom.Nitrogen-31)",
            "Carbon-27 ⊔ (∃ hasAtom.Nitrogen-31)",
            "Oxygen-45 ⊔ Oxygen-45",
            "Carbon-22 ⊔ Carbon-22"
         ]
      },
      "f1": {
         "values": [
            100.0,
            99.605,
            93.667,
            75.497,
            96.97,
            100.0,
            4.167,
            100.0,
            100.0,
            99.754,
            92.014,
            18.182000000000002,
            98.30499999999999,
            97.248,
            100.0,
            85.714,
            100.0,
            99.35199999999999,
            100.0,
            100.0,
            97.56099999999999,
            99.362
         ],
         "mean": [
            88.97263636363637
         ],
         "std": [
            25.350164128113924
         ]
      },
      "time": {
         "values": [
            0.15725836970589377,
            0.15725836970589377,
            0.15725836970589377,
            0.15725836970589377,
            0.15725836970589377,
            0.15725836970589377,
            0.15725836970589377,
            0.15725836970589377,
            0.15725836970589377,
            0.15725836970589377,
            0.15725836970589377,
            0.15725836970589377,
            0.15725836970589377,
            0.15725836970589377,
            0.15725836970589377,
            0.15725836970589377,
            0.15725836970589377,
            0.15725836970589377,
            0.15725836970589377,
            0.15725836970589377,
            0.15725836970589377,
            0.15725836970589377
         ],
         "mean": [
            0.1572583697058937
         ],
         "std": [
            5.551115123125783e-17
         ]
      }
   },
   "GRU": {
      "acc": {
         "values": [
            100.0,
            99.98599999999999,
            100.0,
            100.0,
            99.979,
            100.0,
            99.98599999999999,
            100.0,
            99.929,
            99.993,
            99.758,
            99.91499999999999,
            99.98599999999999,
            99.958,
            100.0,
            99.97200000000001,
            99.993,
            99.91,
            100.0,
            99.98599999999999,
            99.98599999999999,
            99.82
         ],
         "mean": [
            99.96168181818183
         ],
         "std": [
            0.061457588009675615
         ]
      },
      "prediction": {
         "values": [
            "Carbon-19 ⊔ Carbon-28 ⊔ (∃ hasAtom.⊤)",
            "Carbon-232 ⊔ Carbon-27",
            "Carbon-195 ⊔ Nitrogen-38",
            "Carbon-26 ⊔ Carbon-26 ⊔ Oxygen-50",
            "Nitrogen-36 ⊔ Chlorine-93",
            "Carbon-14 ⊔ (∃ hasAtom.Nitrogen-31)",
            "Carbon-16 ⊔ (∃ hasAtom.Nitrogen-31)",
            "Nitrogen-36 ⊔ (∃ hasAtom.Sulfur)",
            "Oxygen-50 ⊔ (∃ inBond.Sulfur)",
            "Carbon-27 ⊔ Carbon-27 ⊔ (∃ hasAtom.⊤)",
            "Bond-2 ⊔ Carbon-194",
            "Bond-5 ⊔ (∃ hasAtom.Nitrogen-31)",
            "Carbon-232 ⊔ Methyl",
            "Carbon-28 ⊔ Oxygen-41 ⊔ Oxygen-52",
            "Carbon-28 ⊔ Ring_size_5",
            "Bond-5 ⊔ Oxygen-49",
            "Carbon-21 ⊔ Sulfur",
            "Carbon_5_aromatic_ring ⊔ Compound",
            "Hydrogen-8 ⊔ (∃ hasAtom.Nitrogen-31)",
            "Carbon-27 ⊔ (∃ hasAtom.Oxygen-42)",
            "Carbon-19 ⊔ Oxygen-45",
            "Carbon-22 ⊔ Oxygen-41"
         ]
      },
      "f1": {
         "values": [
            100.0,
            99.736,
            100.0,
            100.0,
            95.52199999999999,
            100.0,
            96.296,
            100.0,
            77.273,
            99.91799999999999,
            97.399,
            14.285999999999998,
            96.667,
            94.643,
            100.0,
            75.0,
            99.346,
            97.25200000000001,
            100.0,
            99.736,
            95.238,
            99.26
         ],
         "mean": [
            92.61690909090909
         ],
         "std": [
            18.34130813940115
         ]
      },
      "time": {
         "values": [
            0.20025673779574307,
            0.20025673779574307,
            0.20025673779574307,
            0.20025673779574307,
            0.20025673779574307,
            0.20025673779574307,
            0.20025673779574307,
            0.20025673779574307,
            0.20025673779574307,
            0.20025673779574307,
            0.20025673779574307,
            0.20025673779574307,
            0.20025673779574307,
            0.20025673779574307,
            0.20025673779574307,
            0.20025673779574307,
            0.20025673779574307,
            0.20025673779574307,
            0.20025673779574307,
            0.20025673779574307,
            0.20025673779574307,
            0.20025673779574307
         ],
         "mean": [
            0.20025673779574307
         ],
         "std": [
            0.0
         ]
      }
   },
   "LSTM": {
      "acc": {
         "values": [
            99.993,
            99.993,
            100.0,
            100.0,
            99.979,
            99.979,
            99.98599999999999,
            99.95100000000001,
            99.711,
            99.993,
            99.791,
            99.901,
            99.993,
            99.965,
            100.0,
            99.894,
            99.993,
            99.98599999999999,
            99.98599999999999,
            99.98599999999999,
            99.95100000000001,
            99.839
         ],
         "mean": [
            99.94863636363635
         ],
         "std": [
            0.07509300019100182
         ]
      },