{
   "Test soft acc": 47.20004171176047,
   "Test hard acc": 25.12325616071024,
   "Train Max Soft Acc": 95.4679749503968,
   "Train Max Hard Acc": 95.03486378859775,
   "Train Min Loss": 0.01702131625885765
}