{
   "Train Max Soft Acc": 93.28815901360541,
   "Train Max Hard Acc": 92.97690730939823,
   "Train Min Loss": 0.028587196554456438
}