{
   "F-measure": {
      "mean": 0.001418,
      "std": 0.07904884740462696
   },
   "Accuracy": {
      "mean": 0.15480750000000001,
      "std": 0.30470388657473674
   },
   "Runtime": {
      "mean": 128.77092670798302,
      "std": 62.07347677976495
   },
   "Length": {
      "mean": 9.35,
      "std": 1.5058220346375595
   }
}