{
   "F-measure": {
      "mean": 0.43217715259524037,
      "std": 0.4787005328035953
   },
   "Runtime": {
      "mean": 762.6361099999999,
      "std": 103.29071972504548
   }
}