{
   "Test soft acc": 47.05657474578378,
   "Test hard acc": 21.121729019678263,
   "Train Max Soft Acc": 85.69776424024462,
   "Train Max Hard Acc": 84.17284586555428,
   "Train Min Loss": 0.02806762895650334
}