{
   "Test soft acc": 80.87302850705328,
   "Test hard acc": 69.96073792794286,
   "Train Max Soft Acc": 86.05694640209454,
   "Train Max Hard Acc": 86.03332755301133,
   "Train Min Loss": 0.0028116662898787954
}