{
   "Test soft acc": 71.39808889775215,
   "Test hard acc": 45.64189142219061,
   "Train Max Soft Acc": 82.76624215458317,
   "Train Max Hard Acc": 74.33138985532769,
   "Train Min Loss": 0.006768033248143362
}