{
   "F-measure": [
      1.6260000000000001,
      2.616,
      23.965,
      0.32299999999999995,
      0.22999999999999998,
      6.822,
      69.40899999999999,
      2.197,
      100.0,
      2.0650000000000004,
      2.318,
      60.708,
      1.4000000000000001,
      100.0,
      87.983,
      100.0,
      1.9029999999999998,
      1.173,
      1.5350000000000001,
      0.9299999999999999,
      2.318,
      55.901,
      1.188,
      1.309,
      1.3390000000000002,
      0.184,
      100.0,
      10.136000000000001,
      100.0,
      0.077,
      3.2550000000000003,
      6.659,
      2.3619999999999997,
      2.75,
      0.046,
      100.0,
      28.402,
      1.279,
      2.8400000000000003,
      0.242,
      2.754,
      100.0,
      100.0,
      100.0,
      7.832999999999999,
      14.616999999999999,
      100.0,
      67.57300000000001,
      2.536,
      100.0,
      100.0,
      10.075000000000001,
      57.579,
      1.8370000000000002,
      0.321,
      0.717,
      75.813,
      1.173,
      17.396,
      2.8400000000000003,
      100.0,
      2.6310000000000002,
      0.321,
      91.796,
      99.98899999999999,
      0.092,
      100.0,
      98.18900000000001,
      0.199,
      100.0,
      0.336,
      100.0,
      7.42,
      99.59,
      100.0,
      100.0,
      99.996,
      4.839,
      4.754,
      1.188,
      20.727999999999998,
      22.64,
      1.036,
      0.27499999999999997,
      100.0,
      0.504,
      2.705,
      1.566,
      100.0,
      2.493,
      100.0,
      22.094,
      100.0,
      100.0,
      99.98700000000001,
      100.0,
      1.8190000000000002,
      100.0,
      7.71,
      100.0,
      1.294,
      0.046,
      100.0,
      43.75,
      5.106,
      1.7760000000000002,
      0.32,
      100.0,
      0.182,
      8.716,
      2.34
   ],
   "Accuracy": [
      42.124,
      42.419000000000004,
      65.426,
      72.443,
      41.713,
      43.706,
      61.73800000000001,
      42.294,
      100.0,
      57.608000000000004,
      60.446,
      75.831,
      42.057,
      100.0,
      88.401,
      100.0,
      60.361,
      41.99,
      42.097,
      41.918,
      60.446,
      73.78,
      41.994,
      42.03,
      42.039,
      41.699000000000005,
      100.0,
      62.113,
      100.0,
      41.668,
      42.611,
      32.711,
      42.342999999999996,
      42.459,
      42.196,
      100.0,
      66.601,
      42.021,
      60.553000000000004,
      41.144999999999996,
      60.535000000000004,
      100.0,
      100.0,
      100.0,
      61.608,
      63.132,
      100.0,
      60.004000000000005,
      60.49099999999999,
      100.0,
      100.0,
      62.1,
      76.158,
      42.187000000000005,
      41.74,
      41.856,
      80.645,
      41.99,
      63.79,
      60.553000000000004,
      100.0,
      42.424,
      41.74,
      99.669,
      99.98700000000001,
      41.673,
      100.0,
      98.485,
      41.704,
      100.0,
      41.744,
      100.0,
      61.519,
      99.973,
      100.0,
      100.0,
      99.996,
      60.968999999999994,
      42.508,
      41.994,
      84.718,
      65.086,
      41.949999999999996,
      41.726,
      100.0,
      41.793,
      42.446,
      42.106,
      100.0,
      60.482,
      100.0,
      64.947,
      100.0,
      100.0,
      99.973,
      100.0,
      41.615,
      100.0,
      61.580999999999996,
      100.0,
      42.026,
      41.659,
      100.0,
      99.92,
      43.175000000000004,
      42.169000000000004,
      30.422,
      100.0,
      41.127,
      61.8,
      60.451
   ],
   "Runtime": [
      323.4868915081024,
      325.2458372116089,
      325.6875071525574,
      324.5528290271759,
      326.1086673736572,
      324.22327423095703,
      323.4596281051636,
      325.4521520137787,
      27.397021532058716,
      324.0831289291382,
      323.91067576408386,
      325.86771631240845,
      324.8956730365753,
      32.502379179000854,
      326.03472924232483,
      40.33403158187866,
      324.44220423698425,
      324.93889117240906,
      323.9542214870453,
      325.79336190223694,
      324.5948820114136,
      324.25297689437866,
      323.91169929504395,
      324.6989405155182,
      323.57238841056824,
      323.1511354446411,
      62.02357769012451,
      323.60615062713623,
      25.677438259124756,
      323.4258613586426,
      323.18026757240295,
      323.6884310245514,
      323.934552192688,
      323.9474937915802,
      323.44873118400574,
      27.268073797225952,
      324.3633828163147,
      325.39504885673523,
      324.04008984565735,
      325.7539186477661,
      324.3227758407593,
      26.643055200576782,
      37.54397416114807,
      27.583439588546753,
      323.03697323799133,
      324.8300566673279,
      36.00057005882263,
      323.7773370742798,
      323.52960777282715,
      36.43118381500244,
      30.31013560295105,
      324.0295946598053,
      323.19656586647034,
      323.9303925037384,
      324.3415038585663,
      322.8238785266876,
      323.9461281299591,
      323.78324937820435,
      323.39466166496277,
      323.94704484939575,
      31.178755044937134,
      323.18420600891113,
      323.4673583507538,
      322.56068754196167,
      23.493911504745483,
      323.08857011795044,
      27.39425039291382,
      322.75060749053955,
      322.99942994117737,
      25.537232637405396,
      323.67804527282715,
      22.787156343460083,
      324.09182620048523,
      28.2760329246521,
      26.246052265167236,
      29.08435845375061,
      33.61900877952576,
      323.38773822784424,
      324.5277135372162,
      323.5046696662903,
      324.2096390724182,
      324.27103877067566,
      324.0446619987488,
      322.7470226287842,
      34.80441069602966,
      322.6250002384186,
      322.5308828353882,
      323.8705141544342,
      36.77762985229492,
      322.8107969760895,
      25.145187377929688,
      322.834673166275,
      27.914919137954712,
      35.02677583694458,
      323.69335174560547,
      26.68040680885315,
      322.43428087234497,
      27.00306510925293,
      323.8910734653473,
      22.834611892700195,
      322.6373655796051,
      322.5809745788574,
      61.84525680541992,
      26.60832405090332,
      324.4842596054077,
      324.0651042461395,
      323.4600510597229,
      22.72763705253601,
      323.02811551094055,
      323.2921040058136,
      323.94648694992065
   ],