{
   "F-measure": {
      "mean": 37.91874774774775,
      "std": 44.254074705754434
   },
   "Accuracy": {
      "mean": 66.87681981981981,
      "std": 24.867415829547053
   },
   "Runtime": {
      "mean": 239.58010110339603,
      "std": 132.59071955650046
   }
}