{
   "F-measure": {
      "mean": 0.3309944394543287,
      "std": 0.37118474878399643
   },
   "Runtime": {
      "mean": 22.173530612244896,
      "std": 6.027872502145689
   }
}