{"F-measure": {"mean": 85.18711224489797, "std": 21.513451663249967}, "Accuracy": {"mean": 98.98236734693876, "std": 2.9704484248422927}, "Runtime": {"mean": 39.757002674803445, "std": 22.914797944161634}}