{
   "F-measure": [
      63.76,
      3.15,
      17.09,
      100.0,
      52.62,
      21.43,
      75.2,
      3.34,
      16.35,
      52.83,
      98.37,
      4.76,
      16.68,
      38.29,
      43.54,
      66.67,
      1.46,
      53.16,
      83.19,
      16.85,
      54.55,
      61.21,
      66.67,
      12.73,
      77.42,
      86.72,
      65.86,
      94.88,
      1.78,
      6.01,
      25.94,
      8.13,
      21.75,
      19.98,
      45.08,
      39.1,
      94.52,
      22.22,
      61.78,
      5.45,
      93.55,
      4.31,
      2.18,
      47.41,
      10.34,
      83.54,
      1.39,
      53.16,
      2.18,
      45.67,
      62.5,
      19.49,
      66.67,
      0.4,
      28.36,
      66.67,
      10.96,
      27.91,
      0.4,
      1.98,
      31.22,
      3.34,
      72.31,
      56.01,
      2.96,
      81.39,
      39.49,
      15.84,
      95.97,
      78.36,
      46.63,
      70.34,
      12.91,
      3.15,
      100.0,
      47.33,
      10.43,
      1.19,
      18.35,
      66.67,
      28.47,
      72.71,
      7.82,
      64.96,
      63.39,
      3.34,
      2.37,
      51.63,
      83.89,
      94.79,
      10.07,
      45.8,
      9.55,
      2.76,
      94.79,
      1.78,
      66.67,
      66.67
   ],
   "Accuracy": [
      46.8,
      1.6,
      83.5,
      100.0,
      35.7,
      12.0,
      75.0,
      1.7,
      8.9,
      35.9,
      99.6,
      60.0,
      9.1,
      63.9,
      66.8,
      50.0,
      59.6,
      36.2,
      79.8,
      9.2,
      37.5,
      44.1,
      50.0,
      6.8,
      99.3,
      90.2,
      49.1,
      94.6,
      0.9,
      3.1,
      14.9,
      59.3,
      12.2,
      11.1,
      29.1,
      24.3,
      94.2,
      12.5,
      44.7,
      2.8,
      93.1,
      2.2,
      1.1,
      85.8,
      60.1,
      80.3,
      0.7,
      36.2,
      1.1,
      65.5,
      98.8,
      10.8,
      50.0,
      0.2,
      61.6,
      50.0,
      5.8,
      84.5,
      0.2,
      1.0,
      18.5,
      1.7,
      87.9,
      38.9,
      1.5,
      78.6,
      24.6,
      8.6,
      95.8,
      87.3,
      30.4,
      87.1,
      6.9,
      1.6,
      100.0,
      31.0,
      5.5,
      0.6,
      10.1,
      50.0,
      16.6,
      75.0,
      59.9,
      48.1,
      46.4,
      1.7,
      1.2,
      34.8,
      80.8,
      94.5,
      5.3,
      29.7,
      62.1,
      1.4,
      94.5,
      0.9,
      50.0,
      50.0
   ],
   "Runtime": [
      23.89942193031311,
      23.898146390914917,
      25.947386264801025,
      24.372751474380493,
      23.487123250961304,
      23.470733880996704,
      26.173110246658325,
      23.36179256439209,
      24.93916893005371,
      23.664710521697998,
      24.616561889648438,
      24.89536952972412,
      23.95224380493164,
      25.788601875305176,
      24.476054906845093,
      24.030372858047485,
      24.957027196884155,
      23.988599061965942,
      24.282549381256104,
      24.29502773284912,
      24.0108163356781,
      24.47064709663391,
      24.506431579589844,
      24.45905303955078,
      25.038647651672363,
      24.00770092010498,
      23.953325986862183,
      23.93992853164673,
      23.942693948745728,
      23.692649364471436,
      23.435615301132202,
      25.931470155715942,
      23.545233249664307,
      24.086040496826172,
      23.874508142471313,
      25.145642518997192,
      23.868014335632324,
      24.008139610290527,
      23.990079164505005,
      24.11970853805542,
      24.668985605239868,
      24.50215721130371,
      24.304563999176025,
      25.844271183013916,
      24.359031915664673,
      24.856132745742798,
      23.834792137145996,
      23.491084814071655,
      24.967834949493408,
      24.81507158279419,
      25.439355611801147,
      24.54057478904724,
      23.61377739906311,
      23.679264545440674,
      24.594923734664917,
      23.58289408683777,
      24.161388874053955,
      24.11826992034912,
      23.83484721183777,
      23.562569618225098,
      23.716532230377197,
      23.515374422073364,
      25.717100858688354,
      23.829376220703125,
      23.424513339996338,
      24.26062273979187,
      23.858227491378784,
      23.72653841972351,
      23.49191689491272,
      24.300495862960815,
      25.246642589569092,
      24.835547924041748,
      23.8883798122406,
      24.639705657958984,
      25.692306518554688,
      23.75647759437561,
      23.926918506622314,
      23.91727113723755,
      24.043445825576782,
      23.5215847492218,
      24.002979516983032,
      25.018352270126343,
      25.480310916900635,
      23.624660968780518,
      23.665218114852905,
      23.974555730819702,
      24.418423652648926,
      24.64953875541687,
      25.746077299118042,
      24.142680883407593,
      23.506702423095703,
      23.99423623085022,
      24.34468173980713,
      24.099536895751953,
      23.97345995903015,
      23.848302841186523,
      23.915846347808838,
      24.337326049804688
   ],
   "Prediction": [
      "None",
      "⊤",
      "None",
      "⊤",
      "None",
      "Carbon",
      "None",
      "Carbon-193",
      "None",
      "⊤",
      "None",
      "⊤",
      "None",
      "Atom",
      "None",
      "⊤",
      "None",
      "⊤",
      "None",
      "⊤",
      "None",
      "Di",
      "None",
      "Atom",
      "None",
      "⊤",
      "None",
      "Atom",
      "None",
      "Atom",
      "None",
      "⊤",
      "None",
      "Atom",
      "None",
      "⊤",
      "None",
      "Atom",
      "None",
      "⊤",
      "None",
      "⊤",
      "None",
      "⊤",
      "None",
      "⊤",
      "None",
      "⊤",
      "None",
      "Di",
      "None",
      "Structure",
      "None",
      "⊤",
      "None",
      "Structure",
      "None",
      "⊤",
      "None",
      "⊤",
      "None",
      "⊤",
      "None",
      "Atom",
      "None",
      "⊤",
      "None",
      "⊤",
      "None",
      "⊤",
      "None",
      "⊤",
      "None",
      "Structure",
      "None",
      "⊤",
      "None",
      "⊤",
      "None",
      "⊤",
      "None",
      "Structure",
      "None",
      "⊤",
      "None",
      "⊤",
      "None",
      "Structure",
      "None",
      "Atom",
      "None",
      "Atom",
      "None",
      "⊤",
      "None",
      "⊤",
      "None",
      "⊤",
      "None",
      "Atom",
      "None",
      "Di",
      "None",
      "⊤",
      "None",
      "⊤",
      "None",
      "⊤",
      "None",
      "Atom",
      "None",
      "⊤",
      "None",
      "⊤",
      "None",
      "Structure",
      "None",
      "⊤",
      "None",
      "⊤",
      "None",
      "⊤",
      "None",
      "⊤",
      "None",
      "Carbon",
      "None",
      "⊤",
      "None",
      "⊤",
      "None",
      "Atom",
      "None",
      "⊤",
      "None",
      "⊤",
      "None",
      "Structure",
      "None",
      "Structure",
      "None",
      "⊤",
      "None",
      "Structure",
      "None",
      "⊤",
      "None",
      "⊤",
      "None",
      "Phosphorus",
      "None",
      "⊤",
      "None",
      "⊤",
      "None",
      "⊤",
      "None",
      "⊤",
      "None",
      "⊤",
      "None",
      "⊤",
      "None",
      "Atom",
      "None",
      "Atom",
      "None",
      "⊤",
      "None",
      "⊤",
      "None",
      "⊤",
      "None",
      "⊤",
      "None",
      "⊤",
      "None",
      "Atom",
      "None",
      "Structure",
      "None",
      "⊤",
      "None",
      "⊤",
      "None",
      "Atom",
      "None",
      "⊤",
      "None",
      "Structure",
      "None",
      "⊤",
      "None",
      "⊤",
      "None",
      "⊤"
   ],