{
   "F-measure": [
      0.8735451900345518,
      0.0,
      0.0,
      0.0,
      0.6750545909746665,
      0.0,
      0.6895,
      0.0,
      0.0,
      0.6726418207649539,
      0.0,
      0.0,
      0.0,
      0.0,
      0.0,
      0.8502857142857143,
      0.0,
      0.8465533927062023,
      0.75,
      0.0,
      0.6710101010101011,
      0.7190864333721476,
      0.8482727272727273,
      0.0,
      0.0,
      0.66,
      0.518869199265918,
      0.75,
      0.0,
      0.0,
      0.7325159484905257,
      0.0,
      0.0,
      0.0,
      0.835832944792692,
      0.5468888598060173,
      0.75,
      0.0,
      0.8212610211869983,
      0.0,
      0.75,
      0.0,
      0.0,
      0.0,
      0.0,
      0.75,
      0.0,
      0.540738785284634,
      0.0,
      0.0,
      0.0,
      0.0,
      0.7299349593495935,
      0.0,
      0.0,
      0.7487497497497497,
      0.0,
      0.0,
      0.0,
      0.0,
      0.7897558849171753,
      0.0,
      0.773356401384083,
      0.6701044296796931,
      0.0,
      0.734,
      0.8298587455148294,
      0.0,
      0.75,
      0.8091397849462365,
      0.7189812229512773,
      0.7584459459459459,
      0.0,
      0.0,
      0.0,
      0.7439575523995565,
      0.0,
      0.0,
      0.0,
      0.8472286115007013,
      0.0,
      0.6665,
      0.0,
      0.6253355891910108,
      0.8747341021047917,
      0.0,
      0.0,
      0.6243791684404711,
      0.75,
      0.75,
      0.0,
      0.6403543466796479,
      0.0,
      0.0,
      0.75,
      0.0,
      0.8555858585858586,
      0.744995983935743
   ],
   "Runtime": [
      20.171,
      20.872,
      18.703,
      21.74,
      21.795,
      21.514,
      25.201,
      18.516,
      23.901,
      26.677,
      20.569,
      21.429,
      24.708,
      21.541,
      19.797,
      21.211,
      20.779,
      20.457,
      27.344,
      20.677,
      22.602,
      26.279,
      17.505,
      17.759,
      21.857,
      24.411,
      23.448,
      22.033,
      19.495,
      19.649,
      23.389,
      18.101,
      20.686,
      19.833,
      21.052,
      23.918,
      23.575,
      28.335,
      20.504,
      18.607,
      22.415,
      18.472,
      21.199,
      18.456,
      20.918,
      76.349,
      18.254,
      25.373,
      22.767,
      22.811,
      19.026,
      21.476,
      21.893,
      21.125,
      26.68,
      22.363,
      21.251,
      18.098,
      21.81,
      19.756,
      22.686,
      22.692,
      25.26,
      24.08,
      20.71,
      26.529,
      19.768,
      20.639,
      22.084,
      25.464,
      21.752,
      23.777,
      18.11,
      22.574,
      20.682,
      20.252,
      19.869,
      20.783,
      20.272,
      20.574,
      19.16,
      22.852,
      21.862,
      23.372,
      21.548,
      19.164,
      17.471,
      22.745,
      28.816,
      21.851,
      17.711,
      21.964,
      18.759,
      18.181,
      23.218,
      22.269,
      19.622,
      22.752
   ]
}