{
   "F-measure": {
      "mean": 40.3565306122449,
      "std": 31.93784768098753
   },
   "Accuracy": {
      "mean": 41.066326530612244,
      "std": 33.85011965697221
   },
   "Runtime": {
      "mean": 24.27904858151261,
      "std": 0.6712919436667337
   },
   "Length": {
      "mean": 1.0,
      "std": 0.0
   }
}