{
   "F-measure": {
      "mean": 59.0627551020408,
      "std": 38.612396306521326
   },
   "Accuracy": {
      "mean": 66.5438775510204,
      "std": 29.097145754988535
   },
   "Runtime": {
      "mean": 205.05322448979595,
      "std": 134.4083562319323
   },
   "Length": {
      "mean": 2.836734693877551,
      "std": 1.4047577868859609
   }
}