{
   "F-measure": {
      "mean": -100.0,
      "std": 0.0
   },
   "Accuracy": {
      "mean": 0.0,
      "std": 0.0
   },
   "Runtime": {
      "mean": 301.6796714651341,
      "std": 2.355875006304201
   },
   "Length": {
      "mean": 0.0,
      "std": 0.0
   }
}