{
   "F-measure": [
      99.46300000000001,
      100.0,
      96.97,
      100.0,
      99.71900000000001,
      96.552,
      100.0,
      100.0,
      98.86399999999999,
      99.44,
      99.58500000000001,
      62.5,
      90.361,
      100.0,
      100.0,
      96.075,
      80.0,
      100.0,
      100.0,
      97.77799999999999,
      98.649,
      92.308,
      99.688,
      95.38499999999999,
      95.652,
      16.641000000000002,
      78.915,
      41.089999999999996,
      100.0,
      89.286,
      97.94500000000001,
      94.118,
      94.828,
      87.87899999999999,
      98.252,
      74.093,
      96.58200000000001,
      88.889,
      52.727000000000004,
      26.046999999999997,
      25.919999999999998,
      90.0,
      84.211,
      98.413,
      97.77799999999999,
      99.864,
      83.333,
      91.995,
      95.238,
      100.0,
      66.667,
      81.967,
      95.946,
      66.667,
      98.667,
      34.839999999999996,
      71.111,
      90.90899999999999,
      50.0,
      66.667,
      99.46199999999999,
      78.571,
      97.735,
      76.70400000000001,
      42.105,
      57.742000000000004,
      99.18,
      97.619,
      58.733999999999995,
      76.676,
      88.645,
      96.622,
      98.529,
      89.655,
      100.0,
      95.798,
      100.0,
      90.90899999999999,
      97.462,
      98.677,
      98.78,
      100.0,
      93.75,
      100.0,
      99.892,
      96.97,
      50.0,
      95.808,
      99.82799999999999,
      100.0,
      100.0,
      15.520999999999999,
      100.0,
      78.261,
      47.326,
      100.0,
      78.281,
      26.621
   ],
   "Accuracy": [
      99.978,
      100.0,
      99.996,
      100.0,
      99.991,
      99.964,
      100.0,
      100.0,
      99.991,
      99.982,
      99.996,
      99.946,
      99.929,
      100.0,
      100.0,
      99.81700000000001,
      99.996,
      100.0,
      100.0,
      99.982,
      99.956,
      99.724,
      99.983,
      99.973,
      99.996,
      87.62100000000001,
      99.252,
      89.903,
      100.0,
      99.973,
      99.973,
      99.991,
      99.947,
      99.893,
      99.956,
      99.558,
      99.673,
      99.889,
      97.114,
      99.295,
      88.412,
      99.982,
      99.98700000000001,
      99.991,
      99.996,
      99.991,
      99.991,
      99.724,
      99.996,
      100.0,
      99.978,
      99.85300000000001,
      99.593,
      99.996,
      99.991,
      89.254,
      99.884,
      99.978,
      99.991,
      99.978,
      99.991,
      99.973,
      99.969,
      99.354,
      99.95100000000001,
      97.088,
      99.982,
      99.982,
      92.04599999999999,
      99.615,
      99.727,
      99.956,
      99.991,
      99.98700000000001,
      100.0,
      99.89,
      100.0,
      99.996,
      99.978,
      99.881,
      99.982,
      100.0,
      99.991,
      100.0,
      99.996,
      99.996,
      99.964,
      99.87700000000001,
      99.983,
      100.0,
      100.0,
      87.518,
      100.0,
      99.978,
      90.605,
      100.0,
      98.75699999999999,
      88.464
   ],
   "Runtime": [
      81.38881635665894,
      9.292938709259033,
      49.67906594276428,
      0.47855591773986816,
      31.632878065109253,
      60.242175340652466,
      24.550385236740112,
      4.98572039604187,
      33.237868785858154,
      32.96825909614563,
      32.773109436035156,
      0.5154409408569336,
      32.02569556236267,
      7.345411062240601,
      0.6200318336486816,
      70.36534190177917,
      31.79802894592285,
      6.619284391403198,
      1.1438851356506348,
      70.35994052886963,
      36.379262924194336,
      36.18246531486511,
      98.30325078964233,
      36.19755148887634,
      37.699583768844604,
      42.584312200546265,
      39.119452476501465,
      49.15583372116089,
      1.9130284786224365,
      38.81313943862915,
      38.13018870353699,
      35.6221022605896,
      37.74212837219238,
      37.695963621139526,
      36.84441566467285,
      38.37191700935364,
      40.06727886199951,
      36.871437549591064,
      108.36145496368408,
      42.79116153717041,
      51.209840297698975,
      70.46834206581116,
      58.51685953140259,
      38.64014554023743,
      36.72878670692444,
      42.31408739089966,
      39.61912751197815,
      45.84596133232117,
      63.634071826934814,
      11.189194679260254,
      39.73858118057251,
      38.32460141181946,
      121.5751051902771,
      38.49560189247131,
      37.74524974822998,
      50.63863492012024,
      37.58096146583557,
      38.210984230041504,
      27.790050745010376,
      39.096229553222656,
      16.011744260787964,
      39.74572944641113,
      44.06357765197754,
      39.69395422935486,
      40.24623465538025,
      41.877917528152466,
      37.89078903198242,
      72.76458668708801,
      50.49972343444824,
      40.294307231903076,
      38.66973090171814,
      38.96944570541382,
      39.34435820579529,
      39.23010325431824,
      0.4961378574371338,
      76.92474222183228,
      4.946932315826416,
      40.33164834976196,
      72.81471037864685,
      75.60480618476868,
      75.20673060417175,
      0.847153902053833,
      38.78007936477661,
      29.666322708129883,
      44.07740235328674,
      38.380043029785156,
      40.73233890533447,
      40.640217781066895,
      41.433242321014404,
      39.739344120025635,
      6.010108709335327,
      52.895708322525024,
      0.5956249237060547,
      39.56453609466553,
      52.96385192871094,
      2.6998655796051025,
      72.26694250106812,
      51.03438949584961
   ],