{
   "F-measure": [
      0.9520000000000001,
      1.5350000000000001,
      45.859,
      0.089,
      0.134,
      22.373,
      60.537,
      1.288,
      0.018000000000000002,
      0.89,
      0.9339999999999999,
      61.38,
      0.819,
      0.027,
      59.61300000000001,
      7.48,
      0.766,
      0.6859999999999999,
      0.899,
      0.544,
      0.9339999999999999,
      56.45,
      0.695,
      0.766,
      0.784,
      0.107,
      1.455,
      8.338,
      0.098,
      0.045,
      1.913,
      4.688,
      1.385,
      1.614,
      0.027,
      0.214,
      46.921,
      0.748,
      1.147,
      0.14300000000000002,
      1.111,
      0.134,
      6.669,
      0.018000000000000002,
      6.071,
      25.851000000000003,
      8.543000000000001,
      58.829,
      1.023,
      65.697,
      33.623,
      8.278,
      55.352000000000004,
      1.076,
      0.188,
      0.41900000000000004,
      46.546,
      0.6859999999999999,
      14.618999999999998,
      1.147,
      9.357,
      1.544,
      0.188,
      8.622,
      99.98899999999999,
      0.054,
      0.027,
      58.23500000000001,
      0.116,
      0.49899999999999994,
      0.196,
      0.6859999999999999,
      5.149,
      14.701,
      0.063,
      0.7040000000000001,
      99.96199999999999,
      1.965,
      99.844,
      0.695,
      22.451999999999998,
      46.605000000000004,
      0.606,
      0.161,
      55.972,
      0.295,
      1.5879999999999999,
      0.9169999999999999,
      64.189,
      1.005,
      0.152,
      14.251,
      0.268,
      0.44600000000000006,
      99.221,
      0.473,
      1.076,
      0.107,
      5.949,
      100.0,
      0.757,
      0.027,
      70.654,
      0.063,
      17.373,
      1.0410000000000001,
      0.22300000000000003,
      99.232,
      0.107,
      6.94,
      0.943
   ],
   "Accuracy": [
      0.47800000000000004,
      0.773,
      88.517,
      0.045,
      0.067,
      86.166,
      43.407000000000004,
      0.6479999999999999,
      0.009000000000000001,
      0.447,
      0.469,
      76.927,
      0.411,
      0.013,
      42.464,
      60.522,
      0.384,
      0.344,
      0.451,
      0.27299999999999996,
      0.469,
      74.875,
      0.349,
      0.384,
      0.393,
      0.054,
      0.733,
      60.392,
      0.049,
      0.022000000000000002,
      0.9650000000000001,
      2.4,
      0.697,
      0.814,
      0.013,
      0.107,
      88.249,
      0.375,
      0.577,
      0.07200000000000001,
      0.559,
      0.067,
      60.343,
      0.009000000000000001,
      59.887,
      85.97399999999999,
      60.75899999999999,
      41.673,
      0.514,
      79.018,
      67.227,
      60.379000000000005,
      74.437,
      0.541,
      0.094,
      0.21,
      30.333,
      0.344,
      61.675000000000004,
      0.577,
      60.94199999999999,
      0.7779999999999999,
      0.094,
      60.777,
      99.98700000000001,
      0.027,
      0.013,
      41.077999999999996,
      0.058,
      0.25,
      0.098,
      0.344,
      43.187999999999995,
      62.185,
      0.031,
      0.35300000000000004,
      99.955,
      0.992,
      99.996,
      0.349,
      86.22800000000001,
      88.857,
      0.304,
      0.08,
      74.888,
      0.148,
      0.8,
      0.45999999999999996,
      78.339,
      0.505,
      0.076,
      60.51800000000001,
      0.134,
      0.22300000000000003,
      98.453,
      0.23700000000000002,
      0.541,
      0.054,
      59.861,
      100.0,
      0.38,
      0.013,
      92.96,
      0.031,
      85.714,
      0.523,
      0.11199999999999999,
      98.476,
      0.054,
      60.08,
      0.47400000000000003
   ],
   "Runtime": [
      21.919,
      21.535,
      21.368,
      21.301,
      23.447,
      26.148,
      18.546,
      25.36,
      21.901,
      24.668,
      22.616,
      27.572,
      23.121,
      21.161,
      20.365,
      26.401,
      20.759,
      23.764,
      23.015,
      23.375,
      21.427,
      35.192,
      20.923,
      23.188,
      21.118,
      23.445,
      26.757,
      25.386,
      19.302,
      23.201,
      20.725,
      23.976,
      26.676,
      21.189,
      22.326,
      21.975,
      26.49,
      22.343,
      21.15,
      21.75,
      23.39,
      21.835,
      24.801,
      22.188,
      25.172,
      24.354,
      25.923,
      18.617,
      22.855,
      25.326,
      24.604,
      28.442,
      21.564,
      18.257,
      17.901,
      21.715,
      21.385,
      24.603,
      24.6,
      24.725,
      25.249,
      27.426,
      19.265,
      24.194,
      20.693,
      22.018,
      19.046,
      19.169,
      22.381,
      21.507,
      21.942,
      21.553,
      26.641,
      26.607,
      21.563,
      22.146,
      20.588,
      22.964,
      24.409,
      21.631,
      25.015,
      24.246,
      20.077,
      20.131,
      24.2,
      21.42,
      23.46,
      22.267,
      26.452,
      22.356,
      21.759,
      27.109,
      21.803,
      19.329,
      20.3,
      21.742,
      21.822,
      22.024,
      26.241,
      26.589,
      22.745,
      20.982,
      25.252,
      21.89,
      23.304,
      18.118,
      23.198,
      19.589,
      21.141,
      26.855,
      23.699
   ],