{
   "F-measure": {
      "mean": 15.737513513513512,
      "std": 27.81531320320085
   },
   "Accuracy": {
      "mean": 25.94992792792793,
      "std": 35.97874544525734
   },
   "Runtime": {
      "mean": 22.93013513513513,
      "std": 2.6250985755373155
   }
}