{
   "F-measure": [
      0.9520000000000001,
      1.5350000000000001,
      10.334,
      0.214,
      0.134,
      4.038,
      60.537,
      1.288,
      0.044000000000000004,
      0.89,
      0.9339999999999999,
      31.466,
      0.819,
      0.065,
      59.61300000000001,
      7.48,
      0.766,
      0.6859999999999999,
      0.899,
      0.544,
      0.9339999999999999,
      28.500999999999998,
      0.695,
      0.766,
      0.784,
      0.107,
      8.889,
      4.184,
      0.23900000000000002,
      0.045,
      1.913,
      4.688,
      1.385,
      1.614,
      0.027,
      0.521,
      12.426,
      0.748,
      1.147,
      0.14300000000000002,
      1.111,
      0.847,
      6.669,
      0.044000000000000004,
      3.211,
      6.117999999999999,
      8.543000000000001,
      58.829,
      1.023,
      65.697,
      33.623,
      4.1579999999999995,
      27.855,
      1.076,
      0.188,
      0.41900000000000004,
      46.546,
      0.6859999999999999,
      7.346,
      1.147,
      9.357,
      1.544,
      0.188,
      72.125,
      73.712,
      0.054,
      0.065,
      58.23500000000001,
      0.116,
      1.2109999999999999,
      0.196,
      100.0,
      3.037,
      14.701,
      0.152,
      1.7049999999999998,
      73.736,
      1.965,
      2.8289999999999997,
      0.695,
      3.918,
      9.721,
      0.606,
      0.161,
      55.972,
      0.295,
      1.5879999999999999,
      0.9169999999999999,
      64.189,
      1.005,
      0.369,
      9.47,
      0.651,
      2.796,
      99.98700000000001,
      1.147,
      1.076,
      0.261,
      3.159,
      100.0,
      0.757,
      0.027,
      70.654,
      0.152,
      3.011,
      1.0410000000000001,
      0.22300000000000003,
      99.998,
      0.107,
      3.582,
      0.943
   ],
   "Accuracy": [
      0.47800000000000004,
      0.773,
      5.449,
      58.399,
      0.067,
      2.061,
      43.407000000000004,
      0.6479999999999999,
      58.935,
      0.447,
      0.469,
      18.671,
      0.411,
      58.940000000000005,
      42.464,
      60.522,
      0.384,
      0.344,
      0.451,
      0.27299999999999996,
      0.469,
      16.619,
      0.349,
      0.384,
      0.393,
      0.054,
      84.97200000000001,
      2.137,
      58.97599999999999,
      0.022000000000000002,
      0.9650000000000001,
      2.4,
      0.697,
      0.814,
      0.013,
      59.034,
      6.624,
      0.375,
      0.577,
      0.07200000000000001,
      0.559,
      84.306,
      60.343,
      58.935,
      1.6320000000000001,
      3.1559999999999997,
      60.75899999999999,
      41.673,
      0.514,
      79.018,
      67.227,
      2.1229999999999998,
      16.181,
      0.541,
      0.094,
      0.21,
      30.333,
      0.344,
      3.8129999999999997,
      0.577,
      60.94199999999999,
      0.7779999999999999,
      0.094,
      98.57000000000001,
      58.367999999999995,
      0.027,
      58.940000000000005,
      41.077999999999996,
      0.058,
      59.177,
      0.098,
      100.0,
      1.542,
      62.185,
      58.958,
      59.279,
      58.399,
      0.992,
      1.435,
      0.349,
      1.9980000000000002,
      5.109,
      0.304,
      0.08,
      74.888,
      0.148,
      0.8,
      0.45999999999999996,
      78.339,
      0.505,
      59.001999999999995,
      4.97,
      59.06,
      84.463,
      99.973,
      59.163,
      0.541,
      58.98,
      1.6049999999999998,
      100.0,
      0.38,
      0.013,
      92.96,
      58.958,
      1.529,
      0.523,
      0.11199999999999999,
      99.996,
      0.054,
      1.8239999999999998,
      0.47400000000000003
   ],
   "Runtime": [
      23.126070022583008,
      23.65668487548828,
      23.714005947113037,
      37.18390917778015,
      23.930766344070435,
      23.673937797546387,
      24.725553035736084,
      24.724637508392334,
      25.31931495666504,
      23.394590616226196,
      24.065006971359253,
      23.240846633911133,
      24.000087022781372,
      25.277832508087158,
      22.90904402732849,
      24.370688438415527,
      23.532145500183105,
      23.20188546180725,
      23.803027391433716,
      22.668015956878662,
      22.84081768989563,
      23.214789152145386,
      23.098970890045166,
      24.766993522644043,
      23.117395639419556,
      23.361541509628296,
      22.755683422088623,
      23.738092184066772,
      24.13846516609192,
      22.903301239013672,
      23.407469511032104,
      23.40165686607361,
      23.08517551422119,
      23.392940044403076,
      23.05093288421631,
      24.739906549453735,
      23.813223361968994,
      23.841336250305176,
      24.67408585548401,
      24.320117473602295,
      22.929393529891968,
      23.040411472320557,
      23.34970712661743,
      23.712719678878784,
      22.638441801071167,
      22.422577142715454,
      23.839757680892944,
      22.749253273010254,
      23.17836093902588,
      23.550655841827393,
      23.66671323776245,
      23.46023654937744,
      23.278024673461914,
      23.114572048187256,
      23.76843523979187,
      24.651366710662842,
      23.634656190872192,
      23.373002529144287,
      23.138636112213135,
      23.455686330795288,
      24.176315546035767,
      23.58538055419922,
      24.2037353515625,
      25.4747371673584,
      22.86676597595215,
      22.874868392944336,
      24.985028982162476,
      22.56155014038086,
      23.059057474136353,
      23.85684061050415,
      23.93985152244568,
      23.392062425613403,
      23.910566329956055,
      23.654521465301514,
      23.559649229049683,
      25.178303480148315,
      24.164973735809326,
      23.137964963912964,
      23.914369583129883,
      23.80501937866211,
      22.261008977890015,
      22.753559827804565,
      22.812137842178345,
      23.33856725692749,
      23.645068407058716,
      24.56307888031006,
      23.50577735900879,
      23.07875394821167,
      24.611022472381592,
      23.77211332321167,
      23.927148580551147,
      23.844341278076172,
      25.031477451324463,
      23.16957139968872,
      23.42815136909485,
      23.787224769592285,
      23.041258096694946,
      23.52290630340576,
      23.4461829662323,
      24.02368998527527,
      24.05838131904602,
      25.03646993637085,
      25.47258162498474,
      25.985377311706543,
      24.598062753677368,
      23.728585958480835,
      23.517141580581665,
      23.010024547576904,
      24.449957132339478,
      22.805979013442993,
      23.575769424438477
   ],
   "Prediction": [
      "⊤",
      "⊤",
      "⊤",
      "Bond",
      "⊤",
      "⊤",
      "⊤",
      "⊤",
      "Atom",
      "⊤",
      "⊤",
      "⊤",
      "⊤",
      "Atom",
      "⊤",
      "Atom",
      "⊤",
      "⊤",
      "⊤",
      "⊤",
      "⊤",
      "⊤",
      "⊤",
      "⊤",
      "⊤",
      "⊤",
      "Structure",
      "⊤",
      "Atom",
      "⊤",
      "⊤",
      "⊤",
      "⊤",
      "⊤",
      "⊤",
      "Atom",
      "⊤",
      "⊤",
      "⊤",
      "⊤",
      "⊤",
      "Structure",
      "Atom",
      "Atom",
      "⊤",
      "⊤",
      "Atom",
      "⊤",
      "⊤",
      "Atom",
      "Atom",
      "⊤",
      "⊤",
      "⊤",
      "⊤",
      "⊤",
      "⊤",
      "⊤",
      "⊤",
      "⊤",
      "Atom",
      "⊤",
      "⊤",
      "Oxygen",
      "⊤",
      "⊤",
      "Atom",
      "⊤",
      "⊤",
      "Atom",
      "⊤",
      "Methoxy",
      "⊤",
      "Atom",
      "Atom",
      "Atom",
      "⊤",
      "⊤",
      "⊤",
      "⊤",
      "⊤",
      "⊤",
      "⊤",
      "⊤",
      "Atom",
      "⊤",
      "⊤",
      "⊤",
      "Atom",
      "⊤",
      "Atom",
      "⊤",
      "Atom",
      "Structure",
      "⊤",
      "Atom",
      "⊤",
      "Atom",
      "⊤",
      "Nitrogen",
      "⊤",
      "⊤",
      "Carbon",
      "Atom",
      "⊤",
      "⊤",
      "⊤",
      "⊤",
      "⊤",
      "⊤",
      "⊤"
   ],