{
   "F-measure": {
      "mean": 13.347171171171171,
      "std": 25.837545500903158
   },
   "Accuracy": {
      "mean": 24.958171171171173,
      "std": 32.8624332056518
   },
   "Runtime": {
      "mean": 23.812941319233662,
      "std": 1.4683530835320948
   }
}