{
   "F-measure": [
      73.373,
      81.50699999999999,
      100.0,
      100.0,
      84.615,
      98.346,
      100.0,
      99.30600000000001,
      100.0,
      85.714,
      83.333,
      99.988,
      89.82,
      80.0,
      99.027,
      100.0,
      93.16799999999999,
      98.68400000000001,
      85.227,
      88.07300000000001,
      83.333,
      98.83,
      98.039,
      93.16799999999999,
      93.333,
      95.652,
      69.32300000000001,
      99.05000000000001,
      90.0,
      88.889,
      99.535,
      100.0,
      97.03,
      77.441,
      8.511000000000001,
      95.652,
      100.0,
      94.34,
      97.619,
      96.97,
      75.0,
      92.857,
      100.0,
      100.0,
      86.997,
      99.929,
      99.878,
      99.968,
      78.947,
      99.98899999999999,
      99.973,
      100.0,
      98.953,
      99.167,
      86.48599999999999,
      86.747,
      99.96300000000001,
      98.68400000000001,
      66.379,
      19.017,
      100.0,
      99.712,
      89.474,
      72.125,
      99.98899999999999,
      90.90899999999999,
      80.0,
      100.0,
      91.667,
      99.099,
      84.211,
      100.0,
      100.0,
      99.522,
      92.308,
      82.09,
      99.996,
      74.221,
      99.844,
      98.039,
      99.888,
      99.564,
      99.259,
      94.118,
      100.0,
      98.462,
      98.295,
      84.27,
      100.0,
      79.78699999999999,
      96.97,
      41.4,
      88.889,
      98.99,
      100.0,
      99.048,
      99.58500000000001,
      100.0,
      99.58,
      100.0,
      93.75,
      80.0,
      99.842,
      92.308,
      99.115,
      99.138,
      97.959,
      99.998,
      90.90899999999999,
      81.56700000000001,
      82.87299999999999
   ],
   "Accuracy": [
      99.799,
      99.759,
      100.0,
      100.0,
      99.982,
      99.933,
      100.0,
      99.991,
      100.0,
      99.888,
      99.866,
      99.996,
      99.924,
      99.996,
      99.182,
      100.0,
      99.95100000000001,
      99.991,
      99.884,
      99.942,
      99.866,
      99.616,
      99.98700000000001,
      99.95100000000001,
      99.95100000000001,
      99.996,
      99.656,
      99.96000000000001,
      99.991,
      99.996,
      99.991,
      100.0,
      99.96000000000001,
      99.701,
      99.80799999999999,
      99.991,
      100.0,
      99.96000000000001,
      99.973,
      99.996,
      99.777,
      99.991,
      100.0,
      100.0,
      99.625,
      99.996,
      99.996,
      99.973,
      99.821,
      99.996,
      99.996,
      100.0,
      99.665,
      99.991,
      99.978,
      99.95100000000001,
      99.978,
      99.991,
      96.174,
      95.43199999999999,
      100.0,
      99.996,
      99.982,
      98.57000000000001,
      99.98700000000001,
      99.996,
      99.996,
      100.0,
      99.991,
      99.996,
      99.973,
      100.0,
      100.0,
      99.969,
      99.996,
      99.893,
      99.996,
      99.593,
      99.996,
      99.98700000000001,
      99.996,
      99.955,
      99.996,
      99.991,
      100.0,
      99.996,
      99.973,
      99.875,
      100.0,
      99.83,
      99.996,
      85.929,
      99.973,
      99.996,
      100.0,
      99.996,
      99.996,
      100.0,
      99.98700000000001,
      100.0,
      99.955,
      99.996,
      99.973,
      99.996,
      99.973,
      99.991,
      99.996,
      99.996,
      99.991,
      99.432,
      99.861
   ],
   "Runtime": [
      60.58246350288391,
      74.8464822769165,
      45.2161660194397,
      2.5159223079681396,
      58.15717053413391,
      60.07344961166382,
      6.313418626785278,
      55.94455695152283,
      0.629946231842041,
      56.99126648902893,
      60.013447761535645,
      83.3489203453064,
      61.249032974243164,
      62.30563688278198,
      132.33133149147034,
      47.37962317466736,
      58.874696254730225,
      59.89137411117554,
      57.899046659469604,
      60.382492542266846,
      58.124260902404785,
      67.31905102729797,
      61.29871940612793,
      55.19738793373108,
      60.7902934551239,
      57.14140582084656,
      57.364792585372925,
      73.37522530555725,
      62.76223540306091,
      64.07888722419739,
      78.24231266975403,
      4.708394527435303,
      62.426228761672974,
      60.836360692977905,
      39.357627630233765,
      61.48013687133789,
      4.35753870010376,
      58.45434093475342,
      66.4586272239685,
      30.578054189682007,
      59.76389718055725,
      59.94006395339966,
      1.0634679794311523,
      0.5358760356903076,
      63.14696431159973,
      38.43991780281067,
      43.03461837768555,
      145.01036596298218,
      63.67559099197388,
      51.75647497177124,
      30.23100519180298,
      27.36801838874817,
      82.73271679878235,
      74.28657722473145,
      57.95278072357178,
      58.28645324707031,
      86.60698509216309,
      60.065308570861816,
      71.05955004692078,
      68.87536287307739,
      1.3599319458007812,
      58.95268392562866,
      58.166024684906006,
      73.10988855361938,
      1.696544885635376,
      61.01681208610535,
      62.61614680290222,
      45.8582239151001,
      60.010751485824585,
      63.16187357902527,
      59.608137369155884,
      0.7399113178253174,
      4.535941123962402,
      15.073512077331543,
      59.45173978805542,
      62.886306047439575,
      31.470389127731323,
      58.7945761680603,
      58.830392599105835,
      57.53696537017822,
      58.90691828727722,
      58.061522245407104,
      60.61312413215637,
      62.52534365653992,
      4.566399335861206,
      59.95722270011902,
      63.37980842590332,
      58.49896836280823,
      53.04130792617798,
      63.48807144165039,
      66.7114896774292,
      81.91476392745972,
      66.48175644874573,
      65.19591641426086,
      117.9169135093689,
      67.19876742362976,
      58.14463782310486,
      0.8844561576843262,
      67.49635815620422,
      4.4850852489471436,
      63.69756245613098,
      61.074355602264404,
      28.283490419387817,
      57.824618101119995,
      58.550395250320435,
      66.44495439529419,
      64.38657522201538,
      111.52375674247742,
      72.14056324958801,
      64.81358051300049,
      58.34717583656311
   ],