{
   "F-measure": {
      "mean": 91.4828828828829,
      "std": 14.303421960463742
   },
   "Accuracy": {
      "mean": 99.72366666666666,
      "std": 1.437053023862861
   },
   "Runtime": {
      "mean": 54.7257921953459,
      "std": 25.858741682267848
   }
}