{
   "Ensemble": {
      "acc": {
         "values": [
            99.956,
            99.964,
            100.0,
            100.0,
            100.0,
            99.982,
            100.0,
            99.98700000000001,
            100.0,
            99.982,
            100.0,
            100.0,
            100.0,
            100.0,
            100.0,
            99.97399999999999,
            99.991,
            99.90299999999999,
            98.82,
            99.996,
            100.0,
            100.0,
            97.53500000000001,
            100.0,
            100.0,
            100.0,
            99.996,
            99.996,
            99.996,
            100.0,
            100.0,
            100.0,
            100.0,
            100.0,
            100.0,
            100.0,
            100.0,
            100.0,
            98.44000000000001,
            99.95100000000001,
            100.0,
            99.973,
            99.98700000000001,
            100.0,
            99.996,
            99.991,
            100.0,
            100.0,
            100.0,
            100.0,
            100.0,
            100.0,
            99.79599999999999,
            100.0,
            100.0,
            100.0,
            99.857,
            100.0,
            100.0,
            100.0,
            99.991,
            100.0,
            100.0,
            100.0,
            100.0,
            100.0,
            99.982,
            99.964,
            100.0,
            100.0,
            100.0,
            100.0,
            99.98700000000001,
            100.0,
            100.0,
            99.84100000000001,
            99.978,
            100.0,
            99.996,
            99.898,
            99.619,
            100.0,
            100.0,
            100.0,
            99.991,
            100.0,
            99.991,
            100.0,
            99.983,
            99.96199999999999,
            99.96000000000001,
            100.0,
            100.0,
            100.0,
            99.97,
            100.0,
            99.961,
            100.0
         ],
         "mean": [
            99.93003061224488
         ],
         "std": [
            0.3144693766629878
         ]
      },
      "prediction": {
         "values": [
            "Bond-2 ⊔ Di67a",
            "Iodine ⊔ (∃ inBond.(Carbon-17 ⊔ Manganese))",
            "Carbon-15 ⊔ Carbon-26",
            "Carbon-193",
            "Di281 ⊔ Hydrogen-1",
            "Iodine ⊔ (∃ inBond.(Hydrogen-8 ⊔ Hydrogen-8))",
            "Hydrogen-1 ⊔ Phosphorus",
            "Iodine ⊔ (∃ inBond.(Carbon-232 ⊔ Copper-96))",
            "Di51 ⊔ Krypton-83 ⊔ Non_ar_hetero_6_ring",
            "Hydrogen-1 ⊔ Hydrogen-1",
            "Di10 ⊔ Di51",
            "Calcium-84 ⊔ Phosphorus-62",
            "Carbon-26 ⊔ Five_ring",
            "Carbon-26 ⊔ Sulfur",
            "Hydrogen-8 ⊔ Sodium-81",
            "Iodine ⊔ (∃ inBond.(Carbon-14 ⊔ Hydrogen-2))",
            "Hydrogen-2 ⊔ Selenium",
            "Compound ⊔ Compound",
            "Carbon-10 ⊔ Carbon-10",
            "Iodine ⊔ (∃ inBond.(Carbon-21 ⊔ Krypton))",
            "Non_ar_6c_ring ⊔ (∃ hasStructure.Di48)",
            "Krypton-83 ⊔ Methyl ⊔ Sulfide",
            "Iodine ⊔ (∃ inBond.(Carbon-16 ⊔ Oxygen-45))",
            "Di64 ⊔ Krypton-83 ⊔ Sulfide",
            "Di227 ⊔ Di260",
            "Alkyl_halide ⊔ Ester",
            "Ar_halide ⊔ Carbon-14",
            "Halide ⊔ Non_ar_6c_ring",
            "Iodine ⊔ (∃ inBond.(Carbon-17 ⊔ Manganese-85))",
            "Di64 ⊔ Krypton-83 ⊔ Sulfo",
            "Bond-3 ⊔ Ketone",
            "Carbon-26 ⊔ Oxygen-53",
            "Alcohol ⊔ Di227 ⊔ Krypton-83",
            "Nitro ⊔ Sulfur-75",
            "Chlorine-93 ⊔ Ethoxy",
            "Ketone ⊔ Oxygen-49",
            "Methoxy ⊔ Ring",
            "Oxygen-49 ⊔ Sulfo",
            "Iodine ⊔ (∃ inBond.(Carbon-21 ⊔ Sulfur-72))",
            "Di23 ⊔ Di23 ⊔ Oxygen-41",
            "Ester ⊔ Methyl",
            "Iodine ⊔ (∃ inBond.(Oxygen-42 ⊔ Oxygen-42))",
            "Iodine ⊔ (∃ inBond.(Tellurium ⊔ Tellurium))",
            "Di281 ⊔ Sulfide",
            "Carbon-191 ⊔ Carbon-191",
            "Oxygen ⊔ Oxygen",
            "Carbon-232 ⊔ Di67a",
            "Di10 ⊔ Nitrogen-32",
            "Iodine ⊔ (∃ inBond.(Calcium ⊔ Nitrogen-33))",
            "Bromine-94 ⊔ Oxygen-49",
            "Di64 ⊔ Di67a",
            "Five_ring ⊔ Krypton-83 ⊔ Non_ar_5c_ring",
            "Ring ⊔ Ring",
            "Di260 ⊔ Krypton-83",
            "Carbon-17 ⊔ Oxygen-51",
            "Krypton-83 ⊔ Non_ar_6c_ring ⊔ Methyl",
            "Krypton-83 ⊔ Sulfo ⊔ Sulfo",
            "Di64 ⊔ Sulfo",
            "Carbon-15 ⊔ (∃ hasAtom.Copper)",
            "Di260 ⊔ Oxygen-41 ⊔ Ring_size_4",
            "Di ⊔ Di",
            "Carbon-193 ⊔ Di227",
            "Carbon-16 ⊔ Carbon-192 ⊔ Carbon-21",
            "Ester ⊔ Nitrogen-32",
            "Iodine ⊔ (∃ inBond.(Arsenic-101 ⊔ Nitrogen-37))",
            "Nitrogen ⊔ Oxygen-51",
            "Nitrogen-32 ⊔ Nitrogen-32",
            "Iodine ⊔ (∃ inBond.(Carbon-29 ⊔ Copper-96))",
            "Methyl ⊔ Ring",
            "Ketone ⊔ Non_ar_hetero_6_ring",
            "Nitrogen-32 ⊔ Sulfide",
            "Di48 ⊔ Ketone",
            "Amino ⊔ Lead-121",
            "Cyanate ⊔ Di23 ⊔ Krypton-83",
            "Phosphorus-61 ⊔ Phosphorus-61",
            "Iodine ⊔ (∃ inBond.(Carbon-16 ⊔ Carbon-192))",
            "Iodine ⊔ (∃ inBond.(Hydrogen-2 ⊔ Sulfur-77))",
            "Di64 ⊔ Sulfur-79",
            "Iodine ⊔ (∃ inBond.(Phosphorus ⊔ Phosphorus))",
            "Iodine ⊔ (∃ inBond.(Nitrogen ⊔ Nitrogen))",
            "Iodine ⊔ (∃ inBond.(Oxygen-42 ⊔ Sulfur-78))",
            "Chlorine-93 ⊔ Nitrogen-36",
            "Carbon-232 ⊔ Nitrogen-34",
            "Nitro ⊔ Nitrogen",
            "Bond-2 ⊔ Tellurium",
            "Carbon-26 ⊔ Di260",
            "Iodine ⊔ (∃ inBond.(Copper-96 ⊔ Copper-96))",
            "Ar_halide ⊔ Carbon-191 ⊔ Carbon-193",
            "Carbon-10 ⊔ Carbon-10",
            "Di67a ⊔ Ring",
            "Iodine ⊔ (∃ inBond.(Bromine ⊔ Carbon-17))",
            "Alcohol ⊔ Di ⊔ Oxygen-41",
            "Phosphorus-62 ⊔ Sulfur-77",
            "Ring_size_4 ⊔ Sulfur-70",
            "Di281 ⊔ Ring",
            "Sulfur-72 ⊔ (∃ inBond.Copper)",
            "Iodine ⊔ (∃ inBond.(Carbon-14 ⊔ Carbon-15))",
            "Alkyl_halide ⊔ Non_ar_6c_ring ⊔ Oxygen-41"
         ]
      },