{
   "Test soft acc": 70.6506758547575,
   "Test hard acc": 70.50167036511573,
   "Train Max Soft Acc": 79.45272627336473,
   "Train Max Hard Acc": 80.66882719030214,
   "Train Min Loss": 0.1669435450120976
}