{
   "Test soft acc": 70.26324016119938,
   "Test hard acc": 67.06181890005416,
   "Train Max Soft Acc": 74.62393581655495,
   "Train Max Hard Acc": 71.4365695935126,
   "Train Min Loss": 0.34195454183377716
}