{
   "Test soft acc": 73.90074211502785,
   "Test hard acc": 81.53976742212032,
   "Train Max Soft Acc": 99.98834978070177,
   "Train Max Hard Acc": 99.99474597953217,
   "Train Min Loss": 0.0014312516033992563
}