{
   "Test soft acc": 87.98719987495498,
   "Test hard acc": 89.9374621643529,
   "Train Max Soft Acc": 100.0,
   "Train Max Hard Acc": 100.0,
   "Train Min Loss": 0.00010012871031281783
}