{
   "Test soft acc": 85.93139853343935,
   "Test hard acc": 88.15836940836937,
   "Train Max Soft Acc": 99.99906549043062,
   "Train Max Hard Acc": 99.99939531733746,
   "Train Min Loss": 0.0010064022499136627
}