{
   "F-measure": {
      "mean": 0.35597545796780145,
      "std": 0.39738791949753444
   },
   "Runtime": {
      "mean": 14.62958,
      "std": 1.4289194671499161
   }
}