{
   "Test soft acc": 77.51456876456876,
   "Test hard acc": 58.72688994012525,
   "Train Max Soft Acc": 87.88504793632784,
   "Train Max Hard Acc": 78.19676987000221,
   "Train Min Loss": 0.011018997640348971
}