{
   "Test soft acc": 65.91880341880342,
   "Test hard acc": 40.96578859736754,
   "Train Max Soft Acc": 90.07762670572261,
   "Train Max Hard Acc": 80.72701385962806,
   "Train Min Loss": 0.007304741372354329
}