{
   "Test soft acc": 75.8022533022533,
   "Test hard acc": 53.064068284656514,
   "Train Max Soft Acc": 88.120303436959,
   "Train Max Hard Acc": 79.24171378630481,
   "Train Min Loss": 0.010331183625385165
}