{
   "Test soft acc": 73.03613053613054,
   "Test hard acc": 35.41141864671276,
   "Train Max Soft Acc": 90.22068046739756,
   "Train Max Hard Acc": 77.00588056889625,
   "Train Min Loss": 0.007860349235124886
}