{
   "Test soft acc": 50.91526339246701,
   "Test hard acc": 31.112210519281852,
   "Train Max Soft Acc": 91.21334015376976,
   "Train Max Hard Acc": 87.12691759897075,
   "Train Min Loss": 0.05019596591591835
}