{
   "Test soft acc": 27.85103785103785,
   "Test hard acc": 20.096153846153847,
   "Train Max Soft Acc": 25.23956735262004,
   "Train Max Hard Acc": 16.37114552990966,
   "Train Min Loss": 0.5600579932332039
}