{
   "Train Max Soft Acc": 92.32804232804227,
   "Train Max Hard Acc": 89.83318851712698,
   "Train Min Loss": 0.04236865043640137
}