{
   "Test soft acc": 46.87728937728938,
   "Test hard acc": 34.41391941391942,
   "Train Max Soft Acc": 70.35559044927813,
   "Train Max Hard Acc": 66.25081099871244,
   "Train Min Loss": 0.10536727495491505
}