{
   "F-measure": {
      "mean": 0.7755358431342085,
      "std": 0.3622807703793935
   },
   "Runtime": {
      "mean": 1.789715,
      "std": 1.6170502601264438
   }
}