{
   "F-measure": {
      "mean": -1.0,
      "std": 0.0
   },
   "Accuracy": {
      "mean": 0.22,
      "std": 0.41424630354415964
   },
   "Runtime": {
      "mean": 128.53328628897668,
      "std": 22.09160424632581
   },
   "Length": {
      "mean": 9.785,
      "std": 1.1953137663391984
   }
}