{
   "F-measure": {
      "mean": 0.718504,
      "std": 0.17636785643648334
   },
   "Accuracy": {
      "mean": 0.681211,
      "std": 0.2489263890771728
   },
   "Runtime": {
      "mean": 46.18623728394508,
      "std": 57.610879325100946
   },
   "Length": {
      "mean": 4.0,
      "std": 4.915282290977803
   }
}