{
   "F-measure": {
      "mean": 0.907033,
      "std": 0.07436835423081514
   },
   "Accuracy": {
      "mean": 0.9192699999999999,
      "std": 0.07723206782159855
   },
   "Runtime": {
      "mean": 244.51184499999997,
      "std": 115.32463425713075
   },
   "Length": {
      "mean": 6.78,
      "std": 1.6067358214715945
   }
}