{
   "Test soft acc": 42.94793169793169,
   "Test hard acc": 30.283564814814813,
   "Train Max Soft Acc": 54.51801859640843,
   "Train Max Hard Acc": 37.933751932030525,
   "Train Min Loss": 0.928350885172148
}