{
   "Train Max Soft Acc": 90.46437247957894,
   "Train Max Hard Acc": 81.26760573201466,
   "Train Min Loss": 0.0945531576871872
}