{
   "Test soft acc": 30.930961399711396,
   "Test hard acc": 16.994047619047617,
   "Train Max Soft Acc": 36.46540627340416,
   "Train Max Hard Acc": 17.149971835485605,
   "Train Min Loss": 2.599755570695207
}