{
   "Test soft acc": 68.94428199115698,
   "Test hard acc": 28.224091522525026,
   "Train Max Soft Acc": 82.57405799182811,
   "Train Max Hard Acc": 43.273566816360855,
   "Train Min Loss": 0.08710151850371747
}