{
   "Test soft acc": 29.652326839826838,
   "Test hard acc": 23.67642195767196,
   "Train Max Soft Acc": 41.41130368042202,
   "Train Max Hard Acc": 37.55059759636797,
   "Train Min Loss": 0.6490186703832526
}