{
   "Train Max Soft Acc": 84.77305641716917,
   "Train Max Hard Acc": 67.74707098384233,
   "Train Min Loss": 0.2750154265335628
}