{
   "Test soft acc": 31.151620370370363,
   "Test hard acc": 23.911210317460316,
   "Train Max Soft Acc": 44.97458061060943,
   "Train Max Hard Acc": 43.085140640145234,
   "Train Min Loss": 0.4658187831702985
}